Season,Competition,Rk,Club,MP,W,D,L,GF,GA,GD,Pts
2001/2002,Premier League,1,Arsenal,38,26,9,3,79,36,43,87
2001/2002,Premier League,2,Liverpool,38,24,8,6,67,30,37,80
2001/2002,Premier League,3,Manchester United,38,24,5,9,87,45,42,77
2001/2002,Premier League,4,Newcastle United,38,21,8,9,74,52,22,71
2001/2002,Premier League,5,Leeds United,38,18,12,8,53,37,16,66
2001/2002,Premier League,6,Chelsea,38,17,13,8,66,38,28,64
2001/2002,Premier League,7,West Ham United,38,15,8,15,48,57,-9,53
2001/2002,Premier League,8,Aston Villa,38,12,14,12,46,47,-1,50
2001/2002,Premier League,9,Tottenham Hotspur,38,14,8,16,49,53,-4,50
2001/2002,Premier League,10,Blackburn Rovers,38,12,10,16,55,51,4,46
2001/2002,Premier League,11,Southampton,38,12,9,17,46,54,-8,45
2001/2002,Premier League,12,Middlesbrough,38,12,9,17,35,47,-12,45
2001/2002,Premier League,13,Fulham,38,10,14,14,36,44,-8,44
2001/2002,Premier League,14,Charlton Athletic,38,10,14,14,38,49,-11,44
2001/2002,Premier League,15,Everton,38,11,10,17,45,57,-12,43
2001/2002,Premier League,16,Bolton Wanderers,38,9,13,16,44,62,-18,40
2001/2002,Premier League,17,Sunderland,38,10,10,18,29,51,-22,40
2001/2002,Premier League,18,Ipswich Town,38,9,9,20,41,64,-23,36
2001/2002,Premier League,19,Derby County,38,8,6,24,33,63,-30,30
2001/2002,Premier League,20,Leicester City,38,5,13,20,30,64,-34,28
2002/2003,Premier League,1,Manchester United,38,25,8,5,74,34,40,83
2002/2003,Premier League,2,Arsenal,38,23,9,6,85,42,43,78
2002/2003,Premier League,3,Newcastle United,38,21,6,11,63,48,15,69
2002/2003,Premier League,4,Chelsea,38,19,10,9,68,38,30,67
2002/2003,Premier League,5,Liverpool,38,18,10,10,61,41,20,64
2002/2003,Premier League,6,Blackburn Rovers,38,16,12,10,52,43,9,60
2002/2003,Premier League,7,Everton,38,17,8,13,48,49,-1,59
2002/2003,Premier League,8,Southampton,38,13,13,12,43,46,-3,52
2002/2003,Premier League,9,Manchester City,38,15,6,17,47,54,-7,51
2002/2003,Premier League,10,Tottenham Hotspur,38,14,8,16,51,62,-11,50
2002/2003,Premier League,11,Middlesbrough,38,13,10,15,48,44,4,49
2002/2003,Premier League,12,Charlton Athletic,38,14,7,17,45,56,-11,49
2002/2003,Premier League,13,Birmingham City,38,13,9,16,41,49,-8,48
2002/2003,Premier League,14,Fulham,38,13,9,16,41,50,-9,48
2002/2003,Premier League,15,Leeds United,38,14,5,19,58,57,1,47
2002/2003,Premier League,16,Aston Villa,38,12,9,17,42,47,-5,45
2002/2003,Premier League,17,Bolton Wanderers,38,10,14,14,41,51,-10,44
2002/2003,Premier League,18,West Ham United,38,10,12,16,42,59,-17,42
2002/2003,Premier League,19,West Bromwich Albion,38,6,8,24,29,65,-36,26
2002/2003,Premier League,20,Sunderland,38,4,7,27,21,65,-44,19
2003/2004,Premier League,1,Arsenal,38,26,12,0,73,26,47,90
2003/2004,Premier League,2,Chelsea,38,24,7,7,67,30,37,79
2003/2004,Premier League,3,Manchester United,38,23,6,9,64,35,29,75
2003/2004,Premier League,4,Liverpool,38,16,12,10,55,37,18,60
2003/2004,Premier League,5,Newcastle United,38,13,17,8,52,40,12,56
2003/2004,Premier League,6,Aston Villa,38,15,11,12,48,44,4,56
2003/2004,Premier League,7,Charlton Athletic,38,14,11,13,51,51,0,53
2003/2004,Premier League,8,Bolton Wanderers,38,14,11,13,48,56,-8,53
2003/2004,Premier League,9,Fulham,38,14,10,14,52,46,6,52
2003/2004,Premier League,10,Birmingham City,38,12,14,12,43,48,-5,50
2003/2004,Premier League,11,Middlesbrough,38,13,9,16,44,52,-8,48
2003/2004,Premier League,12,Southampton,38,12,11,15,44,45,-1,47
2003/2004,Premier League,13,Portsmouth,38,12,9,17,47,54,-7,45
2003/2004,Premier League,14,Tottenham Hotspur,38,13,6,19,47,57,-10,45
2003/2004,Premier League,15,Blackburn Rovers,38,12,8,18,51,59,-8,44
2003/2004,Premier League,16,Manchester City,38,9,14,15,55,54,1,41
2003/2004,Premier League,17,Everton,38,9,12,17,45,57,-12,39
2003/2004,Premier League,18,Leicester City,38,6,15,17,48,65,-17,33
2003/2004,Premier League,19,Leeds United,38,8,9,21,40,79,-39,33
2003/2004,Premier League,20,Wolverhampton Wanderers,38,7,12,19,38,77,-39,33
2004/2005,Premier League,1,Chelsea,38,29,8,1,72,15,57,95
2004/2005,Premier League,2,Arsenal,38,25,8,5,87,36,51,83
2004/2005,Premier League,3,Manchester United,38,22,11,5,58,26,32,77
2004/2005,Premier League,4,Everton,38,18,7,13,45,46,-1,61
2004/2005,Premier League,5,Liverpool,38,17,7,14,52,41,11,58
2004/2005,Premier League,6,Bolton Wanderers,38,16,10,12,49,44,5,58
2004/2005,Premier League,7,Middlesbrough,38,14,13,11,53,46,7,55
2004/2005,Premier League,8,Manchester City,38,13,13,12,47,39,8,52
2004/2005,Premier League,9,Tottenham Hotspur,38,14,10,14,47,41,6,52
2004/2005,Premier League,10,Aston Villa,38,12,11,15,45,52,-7,47
2004/2005,Premier League,11,Charlton Athletic,38,12,10,16,42,58,-16,46
2004/2005,Premier League,12,Birmingham City,38,11,12,15,40,46,-6,45
2004/2005,Premier League,13,Fulham,38,12,8,18,52,60,-8,44
2004/2005,Premier League,14,Newcastle United,38,10,14,14,47,57,-10,44
2004/2005,Premier League,15,Blackburn Rovers,38,9,15,14,32,43,-11,42
2004/2005,Premier League,16,Portsmouth,38,10,9,19,43,59,-16,39
2004/2005,Premier League,17,West Bromwich Albion,38,6,16,16,36,61,-25,34
2004/2005,Premier League,18,Crystal Palace,38,7,12,19,41,62,-21,33
2004/2005,Premier League,19,Norwich City,38,7,12,19,42,77,-35,33
2004/2005,Premier League,20,Southampton,38,6,14,18,45,66,-21,32
2005/2006,Premier League,1,Chelsea,38,29,4,5,72,22,50,91
2005/2006,Premier League,2,Manchester United,38,25,8,5,72,34,38,83
2005/2006,Premier League,3,Liverpool,38,25,7,6,57,25,32,82
2005/2006,Premier League,4,Arsenal,38,20,7,11,68,31,37,67
2005/2006,Premier League,5,Tottenham Hotspur,38,18,11,9,53,38,15,65
2005/2006,Premier League,6,Blackburn Rovers,38,19,6,13,51,42,9,63
2005/2006,Premier League,7,Newcastle United,38,17,7,14,47,42,5,58
2005/2006,Premier League,8,Bolton Wanderers,38,15,11,12,49,41,8,56
2005/2006,Premier League,9,West Ham United,38,16,7,15,52,55,-3,55
2005/2006,Premier League,10,Wigan Athletic,38,15,6,17,45,52,-7,51
2005/2006,Premier League,11,Everton,38,14,8,16,34,49,-15,50
2005/2006,Premier League,12,Fulham,38,14,6,18,48,58,-10,48
2005/2006,Premier League,13,Charlton Athletic,38,13,8,17,41,55,-14,47
2005/2006,Premier League,14,Middlesbrough,38,12,9,17,48,58,-10,45
2005/2006,Premier League,15,Manchester City,38,13,4,21,43,48,-5,43
2005/2006,Premier League,16,Aston Villa,38,10,12,16,42,55,-13,42
2005/2006,Premier League,17,Portsmouth,38,10,8,20,37,62,-25,38
2005/2006,Premier League,18,Birmingham City,38,8,10,20,28,50,-22,34
2005/2006,Premier League,19,West Bromwich Albion,38,7,9,22,31,58,-27,30
2005/2006,Premier League,20,Sunderland,38,3,6,29,26,69,-43,15
2006/2007,Premier League,1,Manchester United,38,28,5,5,83,27,56,89
2006/2007,Premier League,2,Chelsea,38,24,11,3,64,24,40,83
2006/2007,Premier League,3,Liverpool,38,20,8,10,57,27,30,68
2006/2007,Premier League,4,Arsenal,38,19,11,8,63,35,28,68
2006/2007,Premier League,5,Tottenham Hotspur,38,17,9,12,57,54,3,60
2006/2007,Premier League,6,Everton,38,15,13,10,52,36,16,58
2006/2007,Premier League,7,Bolton Wanderers,38,16,8,14,47,52,-5,56
2006/2007,Premier League,8,Reading,38,16,7,15,52,47,5,55
2006/2007,Premier League,9,Portsmouth,38,14,12,12,45,42,3,54
2006/2007,Premier League,10,Blackburn Rovers,38,15,7,16,52,54,-2,52
2006/2007,Premier League,11,Aston Villa,38,11,17,10,43,41,2,50
2006/2007,Premier League,12,Middlesbrough,38,12,10,16,44,49,-5,46
2006/2007,Premier League,13,Newcastle United,38,11,10,17,38,47,-9,43
2006/2007,Premier League,14,Manchester City,38,11,9,18,29,44,-15,42
2006/2007,Premier League,15,West Ham United,38,12,5,21,35,59,-24,41
2006/2007,Premier League,16,Fulham,38,8,15,15,38,60,-22,39
2006/2007,Premier League,17,Wigan Athletic,38,10,8,20,37,59,-22,38
2006/2007,Premier League,18,Sheffield United,38,10,8,20,32,55,-23,38
2006/2007,Premier League,19,Charlton Athletic,38,8,10,20,34,60,-26,34
2006/2007,Premier League,20,Watford,38,5,13,20,29,59,-30,28
2007/2008,Premier League,1,Manchester United,38,27,6,5,80,22,58,87
2007/2008,Premier League,2,Chelsea,38,25,10,3,65,26,39,85
2007/2008,Premier League,3,Arsenal,38,24,11,3,74,31,43,83
2007/2008,Premier League,4,Liverpool,38,21,13,4,67,28,39,76
2007/2008,Premier League,5,Everton,38,19,8,11,55,33,22,65
2007/2008,Premier League,6,Aston Villa,38,16,12,10,71,51,20,60
2007/2008,Premier League,7,Blackburn Rovers,38,15,13,10,50,48,2,58
2007/2008,Premier League,8,Portsmouth,38,16,9,13,48,40,8,57
2007/2008,Premier League,9,Manchester City,38,15,10,13,45,53,-8,55
2007/2008,Premier League,10,West Ham United,38,13,10,15,42,50,-8,49
2007/2008,Premier League,11,Tottenham Hotspur,38,11,13,14,66,61,5,46
2007/2008,Premier League,12,Newcastle United,38,11,10,17,45,65,-20,43
2007/2008,Premier League,13,Middlesbrough,38,10,12,16,43,53,-10,42
2007/2008,Premier League,14,Wigan Athletic,38,10,10,18,34,51,-17,40
2007/2008,Premier League,15,Sunderland,38,11,6,21,36,59,-23,39
2007/2008,Premier League,16,Bolton Wanderers,38,9,10,19,36,54,-18,37
2007/2008,Premier League,17,Fulham,38,8,12,18,38,60,-22,36
2007/2008,Premier League,18,Reading,38,10,6,22,41,66,-25,36
2007/2008,Premier League,19,Birmingham City,38,8,11,19,46,62,-16,35
2007/2008,Premier League,20,Derby County,38,1,8,29,20,89,-69,11
2008/2009,Premier League,1,Manchester United,38,28,6,4,68,24,44,90
2008/2009,Premier League,2,Liverpool,38,25,11,2,77,27,50,86
2008/2009,Premier League,3,Chelsea,38,25,8,5,68,24,44,83
2008/2009,Premier League,4,Arsenal,38,20,12,6,68,37,31,72
2008/2009,Premier League,5,Everton,38,17,12,9,55,37,18,63
2008/2009,Premier League,6,Aston Villa,38,17,11,10,54,48,6,62
2008/2009,Premier League,7,Fulham,38,14,11,13,39,34,5,53
2008/2009,Premier League,8,Tottenham Hotspur,38,14,9,15,45,45,0,51
2008/2009,Premier League,9,West Ham United,38,14,9,15,42,45,-3,51
2008/2009,Premier League,10,Manchester City,38,15,5,18,58,50,8,50
2008/2009,Premier League,11,Wigan Athletic,38,12,9,17,34,45,-11,45
2008/2009,Premier League,12,Stoke City,38,12,9,17,38,55,-17,45
2008/2009,Premier League,13,Bolton Wanderers,38,11,8,19,41,53,-12,41
2008/2009,Premier League,14,Portsmouth,38,10,11,17,38,57,-19,41
2008/2009,Premier League,15,Blackburn Rovers,38,10,11,17,40,60,-20,41
2008/2009,Premier League,16,Sunderland,38,9,9,20,34,54,-20,36
2008/2009,Premier League,17,Hull City,38,8,11,19,39,64,-25,35
2008/2009,Premier League,18,Newcastle United,38,7,13,18,40,59,-19,34
2008/2009,Premier League,19,Middlesbrough,38,7,11,20,28,57,-29,32
2008/2009,Premier League,20,West Bromwich Albion,38,8,8,22,36,67,-31,32
2009/2010,Premier League,1,Chelsea,38,27,5,6,103,32,71,86
2009/2010,Premier League,2,Manchester United,38,27,4,7,86,28,58,85
2009/2010,Premier League,3,Arsenal,38,23,6,9,83,41,42,75
2009/2010,Premier League,4,Tottenham Hotspur,38,21,7,10,67,41,26,70
2009/2010,Premier League,5,Manchester City,38,18,13,7,73,45,28,67
2009/2010,Premier League,6,Aston Villa,38,17,13,8,52,39,13,64
2009/2010,Premier League,7,Liverpool,38,18,9,11,61,35,26,63
2009/2010,Premier League,8,Everton,38,16,13,9,60,49,11,61
2009/2010,Premier League,9,Birmingham City,38,13,11,14,38,47,-9,50
2009/2010,Premier League,10,Blackburn Rovers,38,13,11,14,41,55,-14,50
2009/2010,Premier League,11,Stoke City,38,11,14,13,34,48,-14,47
2009/2010,Premier League,12,Fulham,38,12,10,16,39,46,-7,46
2009/2010,Premier League,13,Sunderland,38,11,11,16,48,56,-8,44
2009/2010,Premier League,14,Bolton Wanderers,38,10,9,19,42,67,-25,39
2009/2010,Premier League,15,Wolverhampton Wanderers,38,9,11,18,32,56,-24,38
2009/2010,Premier League,16,Wigan Athletic,38,9,9,20,37,79,-42,36
2009/2010,Premier League,17,West Ham United,38,8,11,19,47,66,-19,35
2009/2010,Premier League,18,Burnley,38,8,6,24,42,82,-40,30
2009/2010,Premier League,19,Hull City,38,6,12,20,34,75,-41,30
2009/2010,Premier League,20,Portsmouth,38,7,7,24,34,66,-32,19
2010/2011,Premier League,1,Manchester United,38,23,11,4,78,37,41,80
2010/2011,Premier League,2,Chelsea,38,21,8,9,69,33,36,71
2010/2011,Premier League,3,Manchester City,38,21,8,9,60,33,27,71
2010/2011,Premier League,4,Arsenal,38,19,11,8,72,43,29,68
2010/2011,Premier League,5,Tottenham Hotspur,38,16,14,8,55,46,9,62
2010/2011,Premier League,6,Liverpool,38,17,7,14,59,44,15,58
2010/2011,Premier League,7,Everton,38,13,15,10,51,45,6,54
2010/2011,Premier League,8,Fulham,38,11,16,11,49,43,6,49
2010/2011,Premier League,9,Aston Villa,38,12,12,14,48,59,-11,48
2010/2011,Premier League,10,Sunderland,38,12,11,15,45,56,-11,47
2010/2011,Premier League,11,West Bromwich Albion,38,12,11,15,56,71,-15,47
2010/2011,Premier League,12,Newcastle United,38,11,13,14,56,57,-1,46
2010/2011,Premier League,13,Stoke City,38,13,7,18,46,48,-2,46
2010/2011,Premier League,14,Bolton Wanderers,38,12,10,16,52,56,-4,46
2010/2011,Premier League,15,Blackburn Rovers,38,11,10,17,46,59,-13,43
2010/2011,Premier League,16,Wigan Athletic,38,9,15,14,40,61,-21,42
2010/2011,Premier League,17,Wolverhampton Wanderers,38,11,7,20,46,66,-20,40
2010/2011,Premier League,18,Birmingham City,38,8,15,15,37,58,-21,39
2010/2011,Premier League,19,Blackpool,38,10,9,19,55,78,-23,39
2010/2011,Premier League,20,West Ham United,38,7,12,19,43,70,-27,33
2011/2012,Premier League,1,Manchester City,38,28,5,5,93,29,64,89
2011/2012,Premier League,2,Manchester United,38,28,5,5,89,33,56,89
2011/2012,Premier League,3,Arsenal,38,21,7,10,74,49,25,70
2011/2012,Premier League,4,Tottenham Hotspur,38,20,9,9,66,41,25,69
2011/2012,Premier League,5,Newcastle United,38,19,8,11,56,51,5,65
2011/2012,Premier League,6,Chelsea,38,18,10,10,65,46,19,64
2011/2012,Premier League,7,Everton,38,15,11,12,50,40,10,56
2011/2012,Premier League,8,Liverpool,38,14,10,14,47,40,7,52
2011/2012,Premier League,9,Fulham,38,14,10,14,48,51,-3,52
2011/2012,Premier League,10,West Bromwich Albion,38,13,8,17,45,52,-7,47
2011/2012,Premier League,11,Swansea City,38,12,11,15,44,51,-7,47
2011/2012,Premier League,12,Norwich City,38,12,11,15,52,66,-14,47
2011/2012,Premier League,13,Sunderland,38,11,12,15,45,46,-1,45
2011/2012,Premier League,14,Stoke City,38,11,12,15,36,53,-17,45
2011/2012,Premier League,15,Wigan Athletic,38,11,10,17,42,62,-20,43
2011/2012,Premier League,16,Aston Villa,38,7,17,14,37,53,-16,38
2011/2012,Premier League,17,Queens Park Rangers,38,10,7,21,43,66,-23,37
2011/2012,Premier League,18,Bolton Wanderers,38,10,6,22,46,77,-31,36
2011/2012,Premier League,19,Blackburn Rovers,38,8,7,23,48,78,-30,31
2011/2012,Premier League,20,Wolverhampton Wanderers,38,5,10,23,40,82,-42,25
2012/2013,Premier League,1,Manchester United,38,28,5,5,86,43,43,89
2012/2013,Premier League,2,Manchester City,38,23,9,6,66,34,32,78
2012/2013,Premier League,3,Chelsea,38,22,9,7,75,39,36,75
2012/2013,Premier League,4,Arsenal,38,21,10,7,72,37,35,73
2012/2013,Premier League,5,Tottenham Hotspur,38,21,9,8,66,46,20,72
2012/2013,Premier League,6,Everton,38,16,15,7,55,40,15,63
2012/2013,Premier League,7,Liverpool,38,16,13,9,71,43,28,61
2012/2013,Premier League,8,West Bromwich Albion,38,14,7,17,53,57,-4,49
2012/2013,Premier League,9,Swansea City,38,11,13,14,47,51,-4,46
2012/2013,Premier League,10,West Ham United,38,12,10,16,45,53,-8,46
2012/2013,Premier League,11,Norwich City,38,10,14,14,41,58,-17,44
2012/2013,Premier League,12,Fulham,38,11,10,17,50,60,-10,43
2012/2013,Premier League,13,Stoke City,38,9,15,14,34,45,-11,42
2012/2013,Premier League,14,Southampton,38,9,14,15,49,60,-11,41
2012/2013,Premier League,15,Aston Villa,38,10,11,17,47,69,-22,41
2012/2013,Premier League,16,Newcastle United,38,11,8,19,45,68,-23,41
2012/2013,Premier League,17,Sunderland,38,9,12,17,41,54,-13,39
2012/2013,Premier League,18,Wigan Athletic,38,9,9,20,47,73,-26,36
2012/2013,Premier League,19,Reading,38,6,10,22,43,73,-30,28
2012/2013,Premier League,20,Queens Park Rangers,38,4,13,21,30,60,-30,25
2013/2014,Premier League,1,Manchester City,38,27,5,6,102,37,65,86
2013/2014,Premier League,2,Liverpool,38,26,6,6,101,50,51,84
2013/2014,Premier League,3,Chelsea,38,25,7,6,71,27,44,82
2013/2014,Premier League,4,Arsenal,38,24,7,7,68,41,27,79
2013/2014,Premier League,5,Everton,38,21,9,8,61,39,22,72
2013/2014,Premier League,6,Tottenham Hotspur,38,21,6,11,55,51,4,69
2013/2014,Premier League,7,Manchester United,38,19,7,12,64,43,21,64
2013/2014,Premier League,8,Southampton,38,15,11,12,54,46,8,56
2013/2014,Premier League,9,Stoke City,38,13,11,14,45,52,-7,50
2013/2014,Premier League,10,Newcastle United,38,15,4,19,43,59,-16,49
2013/2014,Premier League,11,Crystal Palace,38,13,6,19,33,48,-15,45
2013/2014,Premier League,12,Swansea City,38,11,9,18,54,54,0,42
2013/2014,Premier League,13,West Ham United,38,11,7,20,40,51,-11,40
2013/2014,Premier League,14,Sunderland,38,10,8,20,41,60,-19,38
2013/2014,Premier League,15,Aston Villa,38,10,8,20,39,61,-22,38
2013/2014,Premier League,16,Hull City,38,10,7,21,38,53,-15,37
2013/2014,Premier League,17,West Bromwich Albion,38,7,15,16,43,59,-16,36
2013/2014,Premier League,18,Norwich City,38,8,9,21,28,62,-34,33
2013/2014,Premier League,19,Fulham,38,9,5,24,40,85,-45,32
2013/2014,Premier League,20,Cardiff City,38,7,9,22,32,74,-42,30
2014/2015,Premier League,1,Chelsea,38,26,9,3,73,32,41,87
2014/2015,Premier League,2,Manchester City,38,24,7,7,83,38,45,79
2014/2015,Premier League,3,Arsenal,38,22,9,7,71,36,35,75
2014/2015,Premier League,4,Manchester United,38,20,10,8,62,37,25,70
2014/2015,Premier League,5,Tottenham Hotspur,38,19,7,12,58,53,5,64
2014/2015,Premier League,6,Liverpool,38,18,8,12,52,48,4,62
2014/2015,Premier League,7,Southampton,38,18,6,14,54,33,21,60
2014/2015,Premier League,8,Swansea City,38,16,8,14,46,49,-3,56
2014/2015,Premier League,9,Stoke City,38,15,9,14,48,45,3,54
2014/2015,Premier League,10,Crystal Palace,38,13,9,16,47,51,-4,48
2014/2015,Premier League,11,Everton,38,12,11,15,48,50,-2,47
2014/2015,Premier League,12,West Ham United,38,12,11,15,44,47,-3,47
2014/2015,Premier League,13,West Bromwich Albion,38,11,11,16,38,51,-13,44
2014/2015,Premier League,14,Leicester City,38,11,8,19,46,55,-9,41
2014/2015,Premier League,15,Newcastle United,38,10,9,19,40,63,-23,39
2014/2015,Premier League,16,Sunderland,38,7,17,14,31,53,-22,38
2014/2015,Premier League,17,Aston Villa,38,10,8,20,31,57,-26,38
2014/2015,Premier League,18,Hull City,38,8,11,19,33,51,-18,35
2014/2015,Premier League,19,Burnley,38,7,12,19,28,53,-25,33
2014/2015,Premier League,20,Queens Park Rangers,38,8,6,24,42,73,-31,30
2015/2016,Premier League,1,Leicester City,38,23,12,3,68,36,32,81
2015/2016,Premier League,2,Arsenal,38,20,11,7,65,36,29,71
2015/2016,Premier League,3,Tottenham Hotspur,38,19,13,6,69,35,34,70
2015/2016,Premier League,4,Manchester City,38,19,9,10,71,41,30,66
2015/2016,Premier League,5,Manchester United,38,19,9,10,49,35,14,66
2015/2016,Premier League,6,Southampton,38,18,9,11,59,41,18,63
2015/2016,Premier League,7,West Ham United,38,16,14,8,65,51,14,62
2015/2016,Premier League,8,Liverpool,38,16,12,10,63,50,13,60
2015/2016,Premier League,9,Stoke City,38,14,9,15,41,55,-14,51
2015/2016,Premier League,10,Chelsea,38,12,14,12,59,53,6,50
2015/2016,Premier League,11,Everton,38,11,14,13,59,55,4,47
2015/2016,Premier League,12,Swansea City,38,12,11,15,42,52,-10,47
2015/2016,Premier League,13,Watford,38,12,9,17,40,50,-10,45
2015/2016,Premier League,14,West Bromwich Albion,38,10,13,15,34,48,-14,43
2015/2016,Premier League,15,Crystal Palace,38,11,9,18,39,51,-12,42
2015/2016,Premier League,16,Bournemouth,38,11,9,18,45,67,-22,42
2015/2016,Premier League,17,Sunderland,38,9,12,17,48,62,-14,39
2015/2016,Premier League,18,Newcastle United,38,9,10,19,44,65,-21,37
2015/2016,Premier League,19,Norwich City,38,9,7,22,39,67,-28,34
2015/2016,Premier League,20,Aston Villa,38,3,8,27,27,76,-49,17
2016/2017,Premier League,1,Chelsea,38,30,3,5,85,33,52,93
2016/2017,Premier League,2,Tottenham Hotspur,38,26,8,4,86,26,60,86
2016/2017,Premier League,3,Manchester City,38,23,9,6,80,39,41,78
2016/2017,Premier League,4,Liverpool,38,22,10,6,78,42,36,76
2016/2017,Premier League,5,Arsenal,38,23,6,9,77,44,33,75
2016/2017,Premier League,6,Manchester United,38,18,15,5,54,29,25,69
2016/2017,Premier League,7,Everton,38,17,10,11,62,44,18,61
2016/2017,Premier League,8,Southampton,38,12,10,16,41,48,-7,46
2016/2017,Premier League,9,Bournemouth,38,12,10,16,55,67,-12,46
2016/2017,Premier League,10,West Bromwich Albion,38,12,9,17,43,51,-8,45
2016/2017,Premier League,11,West Ham United,38,12,9,17,47,64,-17,45
2016/2017,Premier League,12,Leicester City,38,12,8,18,48,63,-15,44
2016/2017,Premier League,13,Stoke City,38,11,11,16,41,56,-15,44
2016/2017,Premier League,14,Crystal Palace,38,12,5,21,50,63,-13,41
2016/2017,Premier League,15,Swansea City,38,12,5,21,45,70,-25,41
2016/2017,Premier League,16,Burnley,38,11,7,20,39,55,-16,40
2016/2017,Premier League,17,Watford,38,11,7,20,40,68,-28,40
2016/2017,Premier League,18,Hull City,38,9,7,22,37,80,-43,34
2016/2017,Premier League,19,Middlesbrough,38,5,13,20,27,53,-26,28
2016/2017,Premier League,20,Sunderland,38,6,6,26,29,69,-40,24
2017/2018,Premier League,1,Manchester City,38,32,4,2,106,27,79,100
2017/2018,Premier League,2,Manchester United,38,25,6,7,68,28,40,81
2017/2018,Premier League,3,Tottenham Hotspur,38,23,8,7,74,36,38,77
2017/2018,Premier League,4,Liverpool,38,21,12,5,84,38,46,75
2017/2018,Premier League,5,Chelsea,38,21,7,10,62,38,24,70
2017/2018,Premier League,6,Arsenal,38,19,6,13,74,51,23,63
2017/2018,Premier League,7,Burnley,38,14,12,12,36,39,-3,54
2017/2018,Premier League,8,Everton,38,13,10,15,44,58,-14,49
2017/2018,Premier League,9,Leicester City,38,12,11,15,56,60,-4,47
2017/2018,Premier League,10,Newcastle United,38,12,8,18,39,47,-8,44
2017/2018,Premier League,11,Crystal Palace,38,11,11,16,45,55,-10,44
2017/2018,Premier League,12,Bournemouth,38,11,11,16,45,61,-16,44
2017/2018,Premier League,13,West Ham United,38,10,12,16,48,68,-20,42
2017/2018,Premier League,14,Watford,38,11,8,19,44,64,-20,41
2017/2018,Premier League,15,Brighton & Hove Albion,38,9,13,16,34,54,-20,40
2017/2018,Premier League,16,Huddersfield Town,38,9,10,19,28,58,-30,37
2017/2018,Premier League,17,Southampton,38,7,15,16,37,56,-19,36
2017/2018,Premier League,18,Swansea City,38,8,9,21,28,56,-28,33
2017/2018,Premier League,19,Stoke City,38,7,12,19,35,68,-33,33
2017/2018,Premier League,20,West Bromwich Albion,38,6,13,19,31,56,-25,31
2018/2019,Premier League,1,Manchester City,38,32,2,4,95,23,72,98
2018/2019,Premier League,2,Liverpool,38,30,7,1,89,22,67,97
2018/2019,Premier League,3,Chelsea,38,21,9,8,63,39,24,72
2018/2019,Premier League,4,Tottenham Hotspur,38,23,2,13,67,39,28,71
2018/2019,Premier League,5,Arsenal,38,21,7,10,73,51,22,70
2018/2019,Premier League,6,Manchester United,38,19,9,10,65,54,11,66
2018/2019,Premier League,7,Wolverhampton Wanderers,38,16,9,13,47,46,1,57
2018/2019,Premier League,8,Everton,38,15,9,14,54,46,8,54
2018/2019,Premier League,9,Leicester City,38,15,7,16,51,48,3,52
2018/2019,Premier League,10,West Ham United,38,15,7,16,52,55,-3,52
2018/2019,Premier League,11,Watford,38,14,8,16,52,59,-7,50
2018/2019,Premier League,12,Crystal Palace,38,14,7,17,51,53,-2,49
2018/2019,Premier League,13,Newcastle United,38,12,9,17,42,48,-6,45
2018/2019,Premier League,14,Bournemouth,38,13,6,19,56,70,-14,45
2018/2019,Premier League,15,Burnley,38,11,7,20,45,68,-23,40
2018/2019,Premier League,16,Southampton,38,9,12,17,45,65,-20,39
2018/2019,Premier League,17,Brighton & Hove Albion,38,9,9,20,35,60,-25,36
2018/2019,Premier League,18,Cardiff City,38,10,4,24,34,69,-35,34
2018/2019,Premier League,19,Fulham,38,7,5,26,34,81,-47,26
2018/2019,Premier League,20,Huddersfield Town,38,3,7,28,22,76,-54,16
2019/2020,Premier League,1,Liverpool,38,32,3,3,85,33,52,99
2019/2020,Premier League,2,Manchester City,38,26,3,9,102,35,67,81
2019/2020,Premier League,3,Manchester United,38,18,12,8,66,36,30,66
2019/2020,Premier League,4,Chelsea,38,20,6,12,69,54,15,66
2019/2020,Premier League,5,Leicester City,38,18,8,12,67,41,26,62
2019/2020,Premier League,6,Tottenham Hotspur,38,16,11,11,61,47,14,59
2019/2020,Premier League,7,Wolverhampton Wanderers,38,15,14,9,51,40,11,59
2019/2020,Premier League,8,Arsenal,38,14,14,10,56,48,8,56
2019/2020,Premier League,9,Sheffield United,38,14,12,12,39,39,0,54
2019/2020,Premier League,10,Burnley,38,15,9,14,43,50,-7,54
2019/2020,Premier League,11,Southampton,38,15,7,16,51,60,-9,52
2019/2020,Premier League,12,Everton,38,13,10,15,44,56,-12,49
2019/2020,Premier League,13,Newcastle United,38,11,11,16,38,58,-20,44
2019/2020,Premier League,14,Crystal Palace,38,11,10,17,31,50,-19,43
2019/2020,Premier League,15,Brighton & Hove Albion,38,9,14,15,39,54,-15,41
2019/2020,Premier League,16,West Ham United,38,10,9,19,49,62,-13,39
2019/2020,Premier League,17,Aston Villa,38,9,8,21,41,67,-26,35
2019/2020,Premier League,18,Bournemouth,38,9,7,22,40,65,-25,34
2019/2020,Premier League,19,Watford,38,8,10,20,36,64,-28,34
2019/2020,Premier League,20,Norwich City,38,5,6,27,26,75,-49,21
2020/2021,Premier League,1,Manchester City,38,27,5,6,83,32,51,86
2020/2021,Premier League,2,Manchester United,38,21,11,6,73,44,29,74
2020/2021,Premier League,3,Liverpool,38,20,9,9,68,42,26,69
2020/2021,Premier League,4,Chelsea,38,19,10,9,58,36,22,67
2020/2021,Premier League,5,Leicester City,38,20,6,12,68,50,18,66
2020/2021,Premier League,6,West Ham United,38,19,8,11,62,47,15,65
2020/2021,Premier League,7,Tottenham Hotspur,38,18,8,12,68,45,23,62
2020/2021,Premier League,8,Arsenal,38,18,7,13,55,39,16,61
2020/2021,Premier League,9,Leeds United,38,18,5,15,62,54,8,59
2020/2021,Premier League,10,Everton,38,17,8,13,47,48,-1,59
2020/2021,Premier League,11,Aston Villa,38,16,7,15,55,46,9,55
2020/2021,Premier League,12,Newcastle United,38,12,9,17,46,62,-16,45
2020/2021,Premier League,13,Wolverhampton Wanderers,38,12,9,17,36,52,-16,45
2020/2021,Premier League,14,Crystal Palace,38,12,8,18,41,66,-25,44
2020/2021,Premier League,15,Southampton,38,12,7,19,47,68,-21,43
2020/2021,Premier League,16,Brighton & Hove Albion,38,9,14,15,40,46,-6,41
2020/2021,Premier League,17,Burnley,38,10,9,19,33,55,-22,39
2020/2021,Premier League,18,Fulham,38,5,13,20,27,53,-26,28
2020/2021,Premier League,19,West Bromwich Albion,38,5,11,22,35,76,-41,26
2020/2021,Premier League,20,Sheffield United,38,7,2,29,20,63,-43,23
2021/2022,Premier League,1,Manchester City,38,29,6,3,99,26,73,93
2021/2022,Premier League,2,Liverpool,38,28,8,2,94,26,68,92
2021/2022,Premier League,3,Chelsea,38,21,11,6,76,33,43,74
2021/2022,Premier League,4,Tottenham Hotspur,38,22,5,11,69,40,29,71
2021/2022,Premier League,5,Arsenal,38,22,3,13,61,48,13,69
2021/2022,Premier League,6,Manchester United,38,16,10,12,57,57,0,58
2021/2022,Premier League,7,West Ham United,38,16,8,14,60,51,9,56
2021/2022,Premier League,8,Leicester City,38,14,10,14,62,59,3,52
2021/2022,Premier League,9,Brighton & Hove Albion,38,12,15,11,42,44,-2,51
2021/2022,Premier League,10,Wolverhampton Wanderers,38,15,6,17,38,43,-5,51
2021/2022,Premier League,11,Newcastle United,38,13,10,15,44,62,-18,49
2021/2022,Premier League,12,Crystal Palace,38,11,15,12,50,46,4,48
2021/2022,Premier League,13,Brentford,38,13,7,18,48,56,-8,46
2021/2022,Premier League,14,Aston Villa,38,13,6,19,52,54,-2,45
2021/2022,Premier League,15,Southampton,38,9,13,16,43,67,-24,40
2021/2022,Premier League,16,Everton,38,11,6,21,43,66,-23,39
2021/2022,Premier League,17,Leeds United,38,9,11,18,42,79,-37,38
2021/2022,Premier League,18,Burnley,38,7,14,17,34,53,-19,35
2021/2022,Premier League,19,Watford,38,6,5,27,34,77,-43,23
2021/2022,Premier League,20,Norwich City,38,5,7,26,23,84,-61,22
2022/2023,Premier League,1,Manchester City,38,28,5,5,94,33,61,89
2022/2023,Premier League,2,Arsenal,38,26,6,6,88,43,45,84
2022/2023,Premier League,3,Manchester Utd,38,23,6,9,58,43,15,75
2022/2023,Premier League,4,Newcastle Utd,38,19,14,5,68,33,35,71
2022/2023,Premier League,5,Liverpool,38,19,10,9,75,47,28,67
2022/2023,Premier League,6,Brighton,38,18,8,12,72,53,19,62
2022/2023,Premier League,7,Aston Villa,38,18,7,13,51,46,5,61
2022/2023,Premier League,8,Tottenham,38,18,6,14,70,63,7,60
2022/2023,Premier League,9,Brentford,38,15,14,9,58,46,12,59
2022/2023,Premier League,10,Fulham,38,15,7,16,55,53,2,52
2022/2023,Premier League,11,Crystal Palace,38,11,12,15,40,49,-9,45
2022/2023,Premier League,12,Chelsea,38,11,11,16,38,47,-9,44
2022/2023,Premier League,13,Wolves,38,11,8,19,31,58,-27,41
2022/2023,Premier League,14,West Ham,38,11,7,20,42,55,-13,40
2022/2023,Premier League,15,Bournemouth,38,11,6,21,37,71,-34,39
2022/2023,Premier League,16,Nott'ham Forest,38,9,11,18,38,68,-30,38
2022/2023,Premier League,17,Everton,38,8,12,18,34,57,-23,36
2022/2023,Premier League,18,Leicester City,38,9,7,22,51,68,-17,34
2022/2023,Premier League,19,Leeds United,38,7,10,21,48,78,-30,31
2022/2023,Premier League,20,Southampton,38,6,7,25,36,73,-37,25
,,,,,,,,,,,
,,,,,,,,,,,
,,,,,,,,,,,
,,,,,,,,,,,
,,,,,,,,,,,
,,,,,,,,,,,
,,,,,,,,,,,
,,,,,,,,,,,
,,,,,,,,,,,
,,,,,,,,,,,
,,,,,,,,,,,
,,,,,,,,,,,
,,,,,,,,,,,
,,,,,,,,,,,
,,,,,,,,,,,
,,,,,,,,,,,
,,,,,,,,,,,
,,,,,,,,,,,
,,,,,,,,,,,
,,,,,,,,,,,
,,,,,,,,,,,
,,,,,,,,,,,
,,,,,,,,,,,
,,,,,,,,,,,
,,,,,,,,,,,
,,,,,,,,,,,
,,,,,,,,,,,
,,,,,,,,,,,
,,,,,,,,,,,
,,,,,,,,,,,
,,,,,,,,,,,
,,,,,,,,,,,
,,,,,,,,,,,
,,,,,,,,,,,
,,,,,,,,,,,
,,,,,,,,,,,
,,,,,,,,,,,
,,,,,,,,,,,
,,,,,,,,,,,
,,,,,,,,,,,
,,,,,,,,,,,
,,,,,,,,,,,
,,,,,,,,,,,
,,,,,,,,,,,
,,,,,,,,,,,
,,,,,,,,,,,
,,,,,,,,,,,
,,,,,,,,,,,
,,,,,,,,,,,
,,,,,,,,,,,
,,,,,,,,,,,
,,,,,,,,,,,
,,,,,,,,,,,
,,,,,,,,,,,
,,,,,,,,,,,
,,,,,,,,,,,
,,,,,,,,,,,
,,,,,,,,,,,
,,,,,,,,,,,
,,,,,,,,,,,
,,,,,,,,,,,
,,,,,,,,,,,
,,,,,,,,,,,
,,,,,,,,,,,
,,,,,,,,,,,
,,,,,,,,,,,
,,,,,,,,,,,
,,,,,,,,,,,
,,,,,,,,,,,
,,,,,,,,,,,
,,,,,,,,,,,
,,,,,,,,,,,
,,,,,,,,,,,
,,,,,,,,,,,
,,,,,,,,,,,
,,,,,,,,,,,
,,,,,,,,,,,
,,,,,,,,,,,
,,,,,,,,,,,
,,,,,,,,,,,
,,,,,,,,,,,
,,,,,,,,,,,
,,,,,,,,,,,
,,,,,,,,,,,
,,,,,,,,,,,
,,,,,,,,,,,
,,,,,,,,,,,
,,,,,,,,,,,
,,,,,,,,,,,
,,,,,,,,,,,
,,,,,,,,,,,
,,,,,,,,,,,
,,,,,,,,,,,
,,,,,,,,,,,
,,,,,,,,,,,
,,,,,,,,,,,
,,,,,,,,,,,
,,,,,,,,,,,
,,,,,,,,,,,
,,,,,,,,,,,
,,,,,,,,,,,
,,,,,,,,,,,
,,,,,,,,,,,
,,,,,,,,,,,
,,,,,,,,,,,
,,,,,,,,,,,
,,,,,,,,,,,
,,,,,,,,,,,
,,,,,,,,,,,
,,,,,,,,,,,
,,,,,,,,,,,
,,,,,,,,,,,
,,,,,,,,,,,
,,,,,,,,,,,
,,,,,,,,,,,
,,,,,,,,,,,
,,,,,,,,,,,
,,,,,,,,,,,
,,,,,,,,,,,
,,,,,,,,,,,
,,,,,,,,,,,
,,,,,,,,,,,
,,,,,,,,,,,
,,,,,,,,,,,
,,,,,,,,,,,
,,,,,,,,,,,
,,,,,,,,,,,
,,,,,,,,,,,
,,,,,,,,,,,
,,,,,,,,,,,
,,,,,,,,,,,
,,,,,,,,,,,
,,,,,,,,,,,
,,,,,,,,,,,
,,,,,,,,,,,
,,,,,,,,,,,
,,,,,,,,,,,
,,,,,,,,,,,
,,,,,,,,,,,
,,,,,,,,,,,
,,,,,,,,,,,
,,,,,,,,,,,
,,,,,,,,,,,
,,,,,,,,,,,
,,,,,,,,,,,
,,,,,,,,,,,
,,,,,,,,,,,
,,,,,,,,,,,
,,,,,,,,,,,
,,,,,,,,,,,
,,,,,,,,,,,
,,,,,,,,,,,
,,,,,,,,,,,
,,,,,,,,,,,
,,,,,,,,,,,
,,,,,,,,,,,
,,,,,,,,,,,
,,,,,,,,,,,
,,,,,,,,,,,
,,,,,,,,,,,
,,,,,,,,,,,
,,,,,,,,,,,
,,,,,,,,,,,
,,,,,,,,,,,
,,,,,,,,,,,
,,,,,,,,,,,
,,,,,,,,,,,
,,,,,,,,,,,
,,,,,,,,,,,
,,,,,,,,,,,
,,,,,,,,,,,
,,,,,,,,,,,
,,,,,,,,,,,
,,,,,,,,,,,
,,,,,,,,,,,
,,,,,,,,,,,
,,,,,,,,,,,
,,,,,,,,,,,
,,,,,,,,,,,
,,,,,,,,,,,
,,,,,,,,,,,
,,,,,,,,,,,
,,,,,,,,,,,
,,,,,,,,,,,
,,,,,,,,,,,
,,,,,,,,,,,
,,,,,,,,,,,
,,,,,,,,,,,
,,,,,,,,,,,
,,,,,,,,,,,
,,,,,,,,,,,
,,,,,,,,,,,
,,,,,,,,,,,
,,,,,,,,,,,
,,,,,,,,,,,
,,,,,,,,,,,
,,,,,,,,,,,
,,,,,,,,,,,
,,,,,,,,,,,
,,,,,,,,,,,
,,,,,,,,,,,
,,,,,,,,,,,
,,,,,,,,,,,
,,,,,,,,,,,
,,,,,,,,,,,
,,,,,,,,,,,
,,,,,,,,,,,
,,,,,,,,,,,
,,,,,,,,,,,
,,,,,,,,,,,
,,,,,,,,,,,
,,,,,,,,,,,
,,,,,,,,,,,
,,,,,,,,,,,
,,,,,,,,,,,
,,,,,,,,,,,
,,,,,,,,,,,
,,,,,,,,,,,
,,,,,,,,,,,
,,,,,,,,,,,
,,,,,,,,,,,
,,,,,,,,,,,
,,,,,,,,,,,
,,,,,,,,,,,
,,,,,,,,,,,
,,,,,,,,,,,
,,,,,,,,,,,
,,,,,,,,,,,
,,,,,,,,,,,
,,,,,,,,,,,
,,,,,,,,,,,
,,,,,,,,,,,
,,,,,,,,,,,
,,,,,,,,,,,
,,,,,,,,,,,
,,,,,,,,,,,
,,,,,,,,,,,
,,,,,,,,,,,
,,,,,,,,,,,
,,,,,,,,,,,
,,,,,,,,,,,
,,,,,,,,,,,
,,,,,,,,,,,
,,,,,,,,,,,
,,,,,,,,,,,
,,,,,,,,,,,
,,,,,,,,,,,
,,,,,,,,,,,
,,,,,,,,,,,
,,,,,,,,,,,
,,,,,,,,,,,
,,,,,,,,,,,
,,,,,,,,,,,
,,,,,,,,,,,
,,,,,,,,,,,
,,,,,,,,,,,
,,,,,,,,,,,
,,,,,,,,,,,
,,,,,,,,,,,
,,,,,,,,,,,
,,,,,,,,,,,
,,,,,,,,,,,
,,,,,,,,,,,
,,,,,,,,,,,
,,,,,,,,,,,
,,,,,,,,,,,
,,,,,,,,,,,
,,,,,,,,,,,
,,,,,,,,,,,
,,,,,,,,,,,
,,,,,,,,,,,
,,,,,,,,,,,
,,,,,,,,,,,
,,,,,,,,,,,
,,,,,,,,,,,
,,,,,,,,,,,
,,,,,,,,,,,
,,,,,,,,,,,
,,,,,,,,,,,
,,,,,,,,,,,
,,,,,,,,,,,
,,,,,,,,,,,
,,,,,,,,,,,
,,,,,,,,,,,
,,,,,,,,,,,
,,,,,,,,,,,
,,,,,,,,,,,
,,,,,,,,,,,
,,,,,,,,,,,
,,,,,,,,,,,
,,,,,,,,,,,
,,,,,,,,,,,
,,,,,,,,,,,
,,,,,,,,,,,
,,,,,,,,,,,
,,,,,,,,,,,
,,,,,,,,,,,
,,,,,,,,,,,
,,,,,,,,,,,
,,,,,,,,,,,
,,,,,,,,,,,
,,,,,,,,,,,
,,,,,,,,,,,
,,,,,,,,,,,
,,,,,,,,,,,
,,,,,,,,,,,
,,,,,,,,,,,
,,,,,,,,,,,
,,,,,,,,,,,
,,,,,,,,,,,
,,,,,,,,,,,
,,,,,,,,,,,
,,,,,,,,,,,
,,,,,,,,,,,
,,,,,,,,,,,
,,,,,,,,,,,
,,,,,,,,,,,
,,,,,,,,,,,
,,,,,,,,,,,
,,,,,,,,,,,
,,,,,,,,,,,
,,,,,,,,,,,
,,,,,,,,,,,
,,,,,,,,,,,
,,,,,,,,,,,
,,,,,,,,,,,
,,,,,,,,,,,
,,,,,,,,,,,
,,,,,,,,,,,
,,,,,,,,,,,
,,,,,,,,,,,
,,,,,,,,,,,
,,,,,,,,,,,
,,,,,,,,,,,
,,,,,,,,,,,
,,,,,,,,,,,
,,,,,,,,,,,
,,,,,,,,,,,
,,,,,,,,,,,
,,,,,,,,,,,
,,,,,,,,,,,
,,,,,,,,,,,
,,,,,,,,,,,
,,,,,,,,,,,
,,,,,,,,,,,
,,,,,,,,,,,
,,,,,,,,,,,
,,,,,,,,,,,
,,,,,,,,,,,
,,,,,,,,,,,
,,,,,,,,,,,
,,,,,,,,,,,
,,,,,,,,,,,
,,,,,,,,,,,
,,,,,,,,,,,
,,,,,,,,,,,
,,,,,,,,,,,
,,,,,,,,,,,
,,,,,,,,,,,
,,,,,,,,,,,
,,,,,,,,,,,
,,,,,,,,,,,
,,,,,,,,,,,
,,,,,,,,,,,
,,,,,,,,,,,
,,,,,,,,,,,
,,,,,,,,,,,
,,,,,,,,,,,
,,,,,,,,,,,
,,,,,,,,,,,
,,,,,,,,,,,
,,,,,,,,,,,
,,,,,,,,,,,
,,,,,,,,,,,
,,,,,,,,,,,
,,,,,,,,,,,
,,,,,,,,,,,
,,,,,,,,,,,
,,,,,,,,,,,
,,,,,,,,,,,
,,,,,,,,,,,
,,,,,,,,,,,
,,,,,,,,,,,
,,,,,,,,,,,
,,,,,,,,,,,
,,,,,,,,,,,
,,,,,,,,,,,
,,,,,,,,,,,
,,,,,,,,,,,
,,,,,,,,,,,
,,,,,,,,,,,
,,,,,,,,,,,
,,,,,,,,,,,
,,,,,,,,,,,
,,,,,,,,,,,
,,,,,,,,,,,
,,,,,,,,,,,
,,,,,,,,,,,
,,,,,,,,,,,
,,,,,,,,,,,
,,,,,,,,,,,
,,,,,,,,,,,
,,,,,,,,,,,
,,,,,,,,,,,
,,,,,,,,,,,
,,,,,,,,,,,
,,,,,,,,,,,
,,,,,,,,,,,
,,,,,,,,,,,
,,,,,,,,,,,
,,,,,,,,,,,
,,,,,,,,,,,
,,,,,,,,,,,
,,,,,,,,,,,
,,,,,,,,,,,
,,,,,,,,,,,
,,,,,,,,,,,
,,,,,,,,,,,
,,,,,,,,,,,
,,,,,,,,,,,
,,,,,,,,,,,
,,,,,,,,,,,
,,,,,,,,,,,
,,,,,,,,,,,
,,,,,,,,,,,
,,,,,,,,,,,
,,,,,,,,,,,
,,,,,,,,,,,
,,,,,,,,,,,
,,,,,,,,,,,
,,,,,,,,,,,
,,,,,,,,,,,
,,,,,,,,,,,
,,,,,,,,,,,
,,,,,,,,,,,
,,,,,,,,,,,
,,,,,,,,,,,
,,,,,,,,,,,
,,,,,,,,,,,
,,,,,,,,,,,
,,,,,,,,,,,
,,,,,,,,,,,
,,,,,,,,,,,
,,,,,,,,,,,
,,,,,,,,,,,
,,,,,,,,,,,
,,,,,,,,,,,
,,,,,,,,,,,
,,,,,,,,,,,
,,,,,,,,,,,
,,,,,,,,,,,
,,,,,,,,,,,
,,,,,,,,,,,
,,,,,,,,,,,
,,,,,,,,,,,
,,,,,,,,,,,
,,,,,,,,,,,
,,,,,,,,,,,
,,,,,,,,,,,
,,,,,,,,,,,
,,,,,,,,,,,
,,,,,,,,,,,
,,,,,,,,,,,
,,,,,,,,,,,
,,,,,,,,,,,
,,,,,,,,,,,
,,,,,,,,,,,
,,,,,,,,,,,
,,,,,,,,,,,
,,,,,,,,,,,
,,,,,,,,,,,
,,,,,,,,,,,
,,,,,,,,,,,
,,,,,,,,,,,
,,,,,,,,,,,
,,,,,,,,,,,
,,,,,,,,,,,
,,,,,,,,,,,
,,,,,,,,,,,
,,,,,,,,,,,
,,,,,,,,,,,
,,,,,,,,,,,
,,,,,,,,,,,
,,,,,,,,,,,
,,,,,,,,,,,
,,,,,,,,,,,
,,,,,,,,,,,
,,,,,,,,,,,
,,,,,,,,,,,
,,,,,,,,,,,
,,,,,,,,,,,
,,,,,,,,,,,
,,,,,,,,,,,
,,,,,,,,,,,
,,,,,,,,,,,
,,,,,,,,,,,
,,,,,,,,,,,
,,,,,,,,,,,
,,,,,,,,,,,
,,,,,,,,,,,
,,,,,,,,,,,
,,,,,,,,,,,
,,,,,,,,,,,
,,,,,,,,,,,
,,,,,,,,,,,
,,,,,,,,,,,
,,,,,,,,,,,
,,,,,,,,,,,
,,,,,,,,,,,
,,,,,,,,,,,
,,,,,,,,,,,
,,,,,,,,,,,
,,,,,,,,,,,
,,,,,,,,,,,
,,,,,,,,,,,
,,,,,,,,,,,
,,,,,,,,,,,
,,,,,,,,,,,
,,,,,,,,,,,
,,,,,,,,,,,
,,,,,,,,,,,
,,,,,,,,,,,
,,,,,,,,,,,
,,,,,,,,,,,
,,,,,,,,,,,
,,,,,,,,,,,
,,,,,,,,,,,
,,,,,,,,,,,
,,,,,,,,,,,
,,,,,,,,,,,
,,,,,,,,,,,
,,,,,,,,,,,
,,,,,,,,,,,
,,,,,,,,,,,
,,,,,,,,,,,
,,,,,,,,,,,
,,,,,,,,,,,
,,,,,,,,,,,
,,,,,,,,,,,
,,,,,,,,,,,
,,,,,,,,,,,
,,,,,,,,,,,
,,,,,,,,,,,