#,Club,Competition,Expenditure,Arrivals,Income,Departures,Balance,Season
1,Juventus FC,Serie A,€180.04m,19,€153.95m,21,€-26.08m,2001/2002
2,Milan AC,Serie A,€145.13m,30,€33.50m,30,€-111.63m,2001/2002
3,SS Lazio,Serie A,€139.25m,15,€119.20m,18,€-20.05m,2001/2002
4,FC Internazionale,Serie A,€112.19m,33,€55.13m,36,€-57.06m,2001/2002
5,AC Parma,Serie A,€99.84m,31,€147.52m,31,€47.68m,2001/2002
6,FC Barcelona,LaLiga,€95.00m,10,€37.31m,7,€-57.69m,2001/2002
7,Manchester United,Premier League,€85.85m,21,€43.60m,16,€-42.25m,2001/2002
8,Real Madrid,LaLiga,€77.50m,10,-,13,€-77.50m,2001/2002
9,AS Roma,Serie A,€50.93m,24,€58.63m,26,€7.70m,2001/2002
10,Fulham FC,Premier League,€50.60m,13,€1.03m,14,€-49.58m,2001/2002
11,Chelsea FC,Premier League,€49.70m,10,€14.32m,16,€-35.38m,2001/2002
12,Borussia Dortmund,Bundesliga,€49.60m,9,€19.15m,8,€-30.45m,2001/2002
13,Leeds United,Premier League,€46.30m,11,€4.58m,14,€-41.73m,2001/2002
14,Valencia CF,LaLiga,€34.80m,14,€53.80m,12,€19.00m,2001/2002
15,Olympique Lyon,Ligue 1,€34.50m,8,€28.78m,9,€-5.72m,2001/2002
16,Blackburn Rovers,Premier League,€33.01m,21,€10.68m,25,€-22.34m,2001/2002
17,Arsenal FC,Premier League,€32.69m,21,€12.00m,15,€-20.69m,2001/2002
18,Newcastle United,Premier League,€31.59m,18,€888k,21,€-30.70m,2001/2002
19,Liverpool FC,Premier League,€31.56m,8,€28.65m,10,€-2.91m,2001/2002
20,Sunderland AFC,Premier League,€29.76m,15,€12.89m,15,€-16.87m,2001/2002
21,AS Monaco,Ligue 1,€28.71m,21,€38.86m,17,€10.15m,2001/2002
22,Atlético de Madrid,LaLiga2,€28.30m,18,€20.30m,14,€-8.00m,2001/2002
23,Tottenham Hotspur,Premier League,€28.05m,10,€9.75m,9,€-18.30m,2001/2002
24,Olympique Marseille,Ligue 1,€26.30m,37,€19.05m,34,€-7.25m,2001/2002
25,Aston Villa,Premier League,€26.10m,15,€16.88m,16,€-9.23m,2001/2002
26,Real Zaragoza,LaLiga,€23.65m,8,-,7,€-23.65m,2001/2002
27,Middlesbrough FC,Premier League,€22.70m,24,€5.27m,30,€-17.43m,2001/2002
28,SL Benfica,Liga Portugal,€22.09m,32,€21.28m,28,€-806k,2001/2002
29,West Ham United,Premier League,€22.06m,11,€18.13m,18,€-3.94m,2001/2002
30,Stade Rennais FC,Ligue 1,€20.62m,15,€7.83m,11,€-12.79m,2001/2002
31,Bayern Munich,Bundesliga,€20.54m,6,€9.35m,4,€-11.19m,2001/2002
32,Manchester City,First Division,€20.51m,17,€7.05m,15,€-13.46m,2001/2002
33,Ipswich Town,Premier League,€20.23m,22,€13.50m,14,€-6.73m,2001/2002
34,Deportivo de La Coruña,LaLiga,€19.80m,13,€6.50m,12,€-13.30m,2001/2002
35,Paris Saint-Germain,Ligue 1,€19.50m,20,€17.43m,22,€-2.08m,2001/2002
36,Southampton FC,Premier League,€19.35m,17,€14.45m,16,€-4.90m,2001/2002
37,Leicester City,Premier League,€19.20m,23,€3.03m,22,€-16.17m,2001/2002
38,Rangers FC,Premiership,€18.35m,15,€34.87m,20,€16.52m,2001/2002
39,Wolverhampton Wanderers,First Division,€17.83m,22,€2.49m,26,€-15.34m,2001/2002
40,PSV Eindhoven,Eredivisie,€17.70m,14,€31.20m,13,€13.50m,2001/2002
41,Hertha BSC,Bundesliga,€17.45m,10,€2.75m,9,€-14.70m,2001/2002
42,Real Sociedad,LaLiga,€16.60m,12,-,14,€-16.60m,2001/2002
43,Ajax Amsterdam,Eredivisie,€15.50m,17,€4.50m,13,€-11.00m,2001/2002
44,Sporting CP,Liga Portugal,€14.95m,16,€5.58m,26,€-9.37m,2001/2002
45,Feyenoord Rotterdam,Eredivisie,€14.55m,19,€7.40m,13,€-7.15m,2001/2002
46,FC Girondins Bordeaux,Ligue 1,€14.28m,16,€22.64m,16,€8.36m,2001/2002
47,VfL Wolfsburg,Bundesliga,€14.00m,15,€8.80m,11,€-5.20m,2001/2002
48,US Lecce,Serie A,€13.69m,16,€2.32m,14,€-11.36m,2001/2002
49,Charlton Athletic,Premier League,€13.50m,14,€1.38m,16,€-12.13m,2001/2002
50,Hamburger SV,Bundesliga,€13.32m,11,€6.40m,16,€-6.92m,2001/2002
1,FC Internazionale,Serie A,€116.18m,30,€103.25m,26,€-12.93m,2002/2003
2,Milan AC,Serie A,€71.10m,24,€40.60m,28,€-30.50m,2002/2003
3,AC Parma,Serie A,€49.85m,33,€70.65m,36,€20.80m,2002/2003
4,Manchester United,Premier League,€48.53m,15,€3.50m,15,€-45.03m,2002/2003
5,Real Madrid,LaLiga,€45.00m,16,€8.20m,14,€-36.80m,2002/2003
6,Manchester City,Premier League,€44.45m,15,€300k,15,€-44.15m,2002/2003
7,Deportivo de La Coruña,LaLiga,€42.66m,14,€9.70m,15,€-32.96m,2002/2003
8,Juventus FC,Serie A,€40.70m,24,€14.00m,26,€-26.70m,2002/2003
9,Newcastle United,Premier League,€34.55m,14,€225k,14,€-34.33m,2002/2003
10,Middlesbrough FC,Premier League,€34.08m,22,-,26,€-34.08m,2002/2003
11,Liverpool FC,Premier League,€31.50m,16,€11.80m,16,€-19.70m,2002/2003
12,Atlético de Madrid,LaLiga,€31.20m,19,€8.10m,18,€-23.10m,2002/2003
13,Bayer 04 Leverkusen,Bundesliga,€30.40m,15,€15.95m,13,€-14.45m,2002/2003
14,Sunderland AFC,Premier League,€29.68m,24,-,19,€-29.68m,2002/2003
15,Bayern Munich,Bundesliga,€24.50m,6,€3.50m,7,€-21.00m,2002/2003
16,FC Barcelona,LaLiga,€20.00m,11,€11.55m,10,€-8.45m,2002/2003
17,FC Schalke 04,Bundesliga,€19.25m,9,€200k,13,€-19.05m,2002/2003
18,PSV Eindhoven,Eredivisie,€18.15m,15,€200k,17,€-17.95m,2002/2003
19,Stade Rennais FC,Ligue 1,€17.83m,18,€3.50m,19,€-14.33m,2002/2003
20,West Bromwich Albion,Premier League,€16.95m,10,-,7,€-16.95m,2002/2003
21,Birmingham City,Premier League,€15.68m,22,€1.15m,19,€-14.53m,2002/2003
22,Everton FC,Premier League,€13.88m,22,€375k,14,€-13.50m,2002/2003
23,Arsenal FC,Premier League,€12.83m,14,€8.22m,19,€-4.61m,2002/2003
24,Paris Saint-Germain,Ligue 1,€12.75m,21,€32.25m,21,€19.50m,2002/2003
25,Fenerbahce,Süper Lig,€12.35m,16,€200k,13,€-12.15m,2002/2003
26,Galatasaray,Süper Lig,€12.30m,25,€1.00m,21,€-11.30m,2002/2003
27,Real Betis Balompié,LaLiga,€12.20m,9,€2.90m,8,€-9.30m,2002/2003
28,Dynamo Kyiv,Premier Liga,€12.10m,11,€200k,10,€-11.90m,2002/2003
29,Southampton FC,Premier League,€12.00m,15,-,18,€-12.00m,2002/2003
30,Celta de Vigo,LaLiga,€11.50m,14,€50k,15,€-11.45m,2002/2003
31,SS Lazio,Serie A,€11.50m,11,€80.00m,16,€68.50m,2002/2003
32,FC Porto,Liga Portugal,€11.40m,25,€18.20m,29,€6.80m,2002/2003
33,RCD Espanyol Barcelona,LaLiga,€11.27m,18,-,15,€-11.27m,2002/2003
34,US Palermo,Serie B,€10.50m,35,-,36,€-10.50m,2002/2003
35,Tottenham Hotspur,Premier League,€10.50m,23,€1.35m,22,€-9.15m,2002/2003
36,Borussia Dortmund,Bundesliga,€10.15m,6,€1.55m,10,€-8.60m,2002/2003
37,AS Roma,Serie A,€10.06m,23,€13.95m,18,€3.89m,2002/2003
38,Besiktas JK,Süper Lig,€9.68m,27,€1.00m,24,€-8.68m,2002/2003
39,Aston Villa,Premier League,€9.08m,23,€6.90m,16,€-2.18m,2002/2003
40,FC Girondins Bordeaux,Ligue 1,€9.00m,13,€6.30m,16,€-2.70m,2002/2003
41,Olympique Marseille,Ligue 1,€8.00m,21,€11.03m,22,€3.03m,2002/2003
42,Rangers FC,Premiership,€7.90m,12,€11.00m,14,€3.10m,2002/2003
43,UC Sampdoria,Serie B,€7.80m,19,-,24,€-7.80m,2002/2003
44,Blackburn Rovers,Premier League,€7.25m,21,€1.80m,16,€-5.45m,2002/2003
45,Udinese Calcio,Serie A,€7.00m,21,€2.70m,29,€-4.30m,2002/2003
46,Villarreal CF,LaLiga,€6.85m,12,€60k,16,€-6.79m,2002/2003
47,Reggina Calcio,Serie A,€6.80m,21,€2.00m,20,€-4.80m,2002/2003
48,Charlton Athletic,Premier League,€6.75m,12,€2.65m,13,€-4.10m,2002/2003
49,Feyenoord Rotterdam,Eredivisie,€6.50m,17,-,15,€-6.50m,2002/2003
50,AS Monaco,Ligue 1,€6.10m,14,€10.11m,12,€4.01m,2002/2003
1,Chelsea FC,Premier League,€173.70m,24,€950k,22,€-172.75m,2003/2004
2,Manchester United,Premier League,€56.53m,23,€59.30m,28,€2.78m,2003/2004
3,FC Internazionale,Serie A,€54.00m,44,€51.42m,42,€-2.59m,2003/2004
4,FC Barcelona,LaLiga,€43.85m,13,€2.90m,14,€-40.95m,2003/2004
5,Real Madrid,LaLiga,€37.50m,10,€32.80m,15,€-4.70m,2003/2004
6,Juventus FC,Serie A,€35.79m,26,€5.70m,29,€-30.09m,2003/2004
7,Paris Saint-Germain,Ligue 1,€34.90m,23,€34.95m,23,€50k,2003/2004
8,Tottenham Hotspur,Premier League,€29.75m,17,€1.75m,22,€-28.00m,2003/2004
9,Arsenal FC,Premier League,€27.42m,18,€1.05m,22,€-26.37m,2003/2004
10,Bayern Munich,Bundesliga,€27.00m,7,€4.50m,9,€-22.50m,2003/2004
11,AS Roma,Serie A,€26.20m,19,-,19,€-26.20m,2003/2004
12,Olympique Lyon,Ligue 1,€25.50m,9,€4.15m,10,€-21.35m,2003/2004
13,AC Parma,Serie A,€24.02m,33,€83.40m,32,€59.39m,2003/2004
14,Blackburn Rovers,Premier League,€22.34m,23,€34.85m,30,€12.51m,2003/2004
15,Olympique Marseille,Ligue 1,€18.85m,26,€11.50m,22,€-7.35m,2003/2004
16,SS Lazio,Serie A,€18.03m,18,€8.85m,21,€-9.18m,2003/2004
17,Shakhtar Donetsk,Premier Liga,€18.00m,13,-,10,€-18.00m,2003/2004
18,Birmingham City,Premier League,€17.10m,16,€1.95m,27,€-15.15m,2003/2004
19,Borussia Dortmund,Bundesliga,€16.57m,10,€3.70m,7,€-12.87m,2003/2004
20,CSKA Moscow,Premier Liga,€15.85m,15,-,12,€-15.85m,2003/2004
21,Liverpool FC,Premier League,€15.65m,19,-,13,€-15.65m,2003/2004
22,AC Milan,Serie A,€15.00m,24,€12.85m,27,€-2.15m,2003/2004
23,VfL Wolfsburg,Bundesliga,€14.50m,14,€3.02m,17,€-11.48m,2003/2004
24,Manchester City,Premier League,€14.26m,21,€6.62m,23,€-7.64m,2003/2004
25,Villarreal CF,LaLiga,€12.05m,12,€4.00m,12,€-8.05m,2003/2004
26,Ajax Amsterdam,Eredivisie,€11.92m,19,€30.60m,18,€18.68m,2003/2004
27,Portsmouth FC,Premier League,€11.78m,37,€200k,37,€-11.58m,2003/2004
28,Feyenoord Rotterdam,Eredivisie,€11.50m,14,€9.50m,19,€-2.00m,2003/2004
29,FC Girondins Bordeaux,Ligue 1,€11.00m,18,€16.50m,14,€5.50m,2003/2004
30,Dynamo Kyiv,Premier Liga,€10.73m,21,€1.55m,12,€-9.18m,2003/2004
31,Middlesbrough FC,Premier League,€10.20m,29,€1.13m,30,€-9.08m,2003/2004
32,Everton FC,Premier League,€9.92m,17,€975k,19,€-8.94m,2003/2004
33,Wolverhampton Wanderers,Premier League,€9.88m,27,€1.15m,20,€-8.73m,2003/2004
34,Atlético de Madrid,LaLiga,€9.80m,20,€250k,24,€-9.55m,2003/2004
35,US Palermo,Serie B,€9.20m,28,€1.00m,31,€-8.20m,2003/2004
36,Southampton FC,Premier League,€8.98m,21,€10.88m,20,€1.90m,2003/2004
37,Spartak Moscow,Premier Liga,€8.85m,19,€2.10m,21,€-6.75m,2003/2004
38,Valencia CF,LaLiga,€8.50m,11,€4.50m,10,€-4.00m,2003/2004
39,FC Porto,Liga Portugal,€8.50m,27,€10.00m,21,€1.50m,2003/2004
40,Real Betis Balompié,LaLiga,€8.50m,10,-,10,€-8.50m,2003/2004
41,Fulham FC,Premier League,€8.48m,32,€25.04m,26,€16.56m,2003/2004
42,Aston Villa,Premier League,€8.38m,19,€290k,29,€-8.09m,2003/2004
43,Fenerbahce,Süper Lig,€8.30m,15,€700k,20,€-7.60m,2003/2004
44,Sevilla FC,LaLiga,€8.20m,13,€20.00m,11,€11.80m,2003/2004
45,VfB Stuttgart,Bundesliga,€8.00m,15,€350k,11,€-7.65m,2003/2004
46,Sporting CP,Liga Portugal,€7.60m,18,€26.35m,16,€18.75m,2003/2004
47,Krylya Sovetov Samara,Premier Liga,€6.80m,13,-,14,€-6.80m,2003/2004
48,RCD Mallorca,LaLiga,€6.50m,16,€11.80m,15,€5.30m,2003/2004
49,Real Zaragoza,LaLiga,€5.80m,9,-,8,€-5.80m,2003/2004
50,Galatasaray,Süper Lig,€5.65m,16,€4.00m,18,€-1.65m,2003/2004
1,Chelsea FC,Premier League,€162.40m,21,€3.30m,25,€-159.10m,2004/2005
2,FC Barcelona,LaLiga,€78.50m,15,€14.75m,16,€-63.75m,2004/2005
3,Juventus FC,Serie A,€71.12m,27,€45.45m,28,€-25.67m,2004/2005
4,Manchester United,Premier League,€61.25m,20,€9.57m,19,€-51.69m,2004/2005
5,Real Madrid,LaLiga,€58.70m,10,€9.25m,11,€-49.45m,2004/2005
6,Liverpool FC,Premier League,€58.40m,22,€24.57m,22,€-33.83m,2004/2005
7,FC Porto,Liga Portugal,€50.10m,33,€95.25m,35,€45.15m,2004/2005
8,ACF Fiorentina,Serie A,€49.50m,19,€2.00m,24,€-47.50m,2004/2005
9,Tottenham Hotspur,Premier League,€47.13m,37,€10.50m,34,€-36.63m,2004/2005
10,AS Roma,Serie A,€43.21m,24,€61.40m,27,€18.19m,2004/2005
11,Valencia CF,LaLiga,€40.00m,16,€8.00m,19,€-32.00m,2004/2005
12,Shakhtar Donetsk,Premier Liga,€37.81m,12,-,12,€-37.81m,2004/2005
13,Olympique Marseille,Ligue 1,€30.28m,24,€52.38m,29,€22.10m,2004/2005
14,Newcastle United,Premier League,€29.45m,17,€22.28m,18,€-7.18m,2004/2005
15,Spartak Moscow,Premier Liga,€28.70m,21,€1.50m,19,€-27.20m,2004/2005
16,Paris Saint-Germain,Ligue 1,€27.50m,19,€17.00m,21,€-10.50m,2004/2005
17,Olympique Lyon,Ligue 1,€26.25m,15,€22.50m,16,€-3.75m,2004/2005
18,Bayern Munich,Bundesliga,€25.75m,6,€1.03m,3,€-24.72m,2004/2005
19,Dinamo Moscow,Premier Liga,€20.40m,15,€1.02m,16,€-19.39m,2004/2005
20,AS Monaco,Ligue 1,€18.00m,19,€18.50m,22,€500k,2004/2005
21,Atlético de Madrid,LaLiga,€17.60m,22,-,22,€-17.60m,2004/2005
22,Fenerbahce,Süper Lig,€16.04m,12,€5.00m,11,€-11.04m,2004/2005
23,FC Internazionale,Serie A,€15.95m,44,€29.82m,47,€13.87m,2004/2005
24,West Bromwich Albion,Premier League,€15.85m,18,€1.95m,24,€-13.90m,2004/2005
25,Villarreal CF,LaLiga,€15.80m,12,€9.73m,10,€-6.08m,2004/2005
26,Rangers FC,Premiership,€15.78m,29,€15.93m,28,€150k,2004/2005
27,Birmingham City,Premier League,€15.77m,28,€8.15m,21,€-7.62m,2004/2005
28,US Palermo,Serie A,€15.73m,23,€1.70m,30,€-14.03m,2004/2005
29,Fulham FC,Premier League,€13.95m,22,€5.20m,22,€-8.75m,2004/2005
30,Besiktas JK,Süper Lig,€13.70m,19,€1.00m,18,€-12.70m,2004/2005
31,Charlton Athletic,Premier League,€13.25m,17,€1.95m,19,€-11.30m,2004/2005
32,Hamburger SV,Bundesliga,€13.15m,14,€8.40m,17,€-4.75m,2004/2005
33,Southampton FC,Premier League,€12.68m,33,€11.50m,31,€-1.18m,2004/2005
34,Arsenal FC,Premier League,€12.48m,22,€3.90m,19,€-8.58m,2004/2005
35,CSKA Moscow,Premier Liga,€12.45m,11,€11.50m,12,€-950k,2004/2005
36,PSV Eindhoven,Eredivisie,€12.02m,20,€31.90m,23,€19.89m,2004/2005
37,Everton FC,Premier League,€11.88m,9,€45.40m,17,€33.53m,2004/2005
38,Sevilla FC,LaLiga,€11.53m,14,-,12,€-11.53m,2004/2005
39,AC Milan,Serie A,€11.00m,24,€12.20m,22,€1.20m,2004/2005
40,Real Betis Balompié,LaLiga,€10.95m,9,-,11,€-10.95m,2004/2005
41,Portsmouth FC,Premier League,€10.85m,27,€6.60m,36,€-4.25m,2004/2005
42,Aston Villa,Premier League,€10.14m,14,€3.43m,17,€-6.72m,2004/2005
43,SS Lazio,Serie A,€9.50m,24,€37.50m,16,€28.00m,2004/2005
44,SV Werder Bremen,Bundesliga,€9.00m,10,€6.45m,15,€-2.55m,2004/2005
45,Norwich City,Premier League,€8.53m,18,€450k,15,€-8.08m,2004/2005
46,VfL Wolfsburg,Bundesliga,€8.50m,10,-,9,€-8.50m,2004/2005
47,Lokomotiv Moscow,Premier Liga,€8.35m,9,€750k,12,€-7.60m,2004/2005
48,Dynamo Kyiv,Premier Liga,€8.25m,7,-,12,€-8.25m,2004/2005
49,FC Nantes,Ligue 1,€8.20m,18,€21.30m,15,€13.10m,2004/2005
50,Blackburn Rovers,Premier League,€7.88m,21,€7.70m,21,€-175k,2004/2005
1,Chelsea FC,Premier League,€91.50m,15,€34.60m,18,€-56.90m,2005/2006
2,Real Madrid,LaLiga,€89.50m,16,€43.10m,10,€-46.40m,2005/2006
3,Newcastle United,Premier League,€61.75m,16,€30.90m,16,€-30.85m,2005/2006
4,Dinamo Moscow,Premier Liga,€57.50m,20,€1.65m,22,€-55.85m,2005/2006
5,Olympique Lyon,Ligue 1,€49.60m,15,€43.40m,15,€-6.20m,2005/2006
6,Arsenal FC,Premier League,€46.00m,17,€25.00m,18,€-21.00m,2005/2006
7,Liverpool FC,Premier League,€44.06m,26,€19.04m,26,€-25.02m,2005/2006
8,Tottenham Hotspur,Premier League,€36.51m,25,€25.45m,25,€-11.06m,2005/2006
9,ACF Fiorentina,Serie A,€34.50m,21,€10.19m,28,€-24.31m,2005/2006
10,AC Milan,Serie A,€33.50m,25,€12.00m,26,€-21.50m,2005/2006
11,Everton FC,Premier League,€32.53m,17,€7.00m,13,€-25.53m,2005/2006
12,Manchester United,Premier League,€31.80m,24,€7.90m,27,€-23.90m,2005/2006
13,FC Internazionale,Serie A,€30.40m,41,€22.66m,39,€-7.75m,2005/2006
14,Juventus FC,Serie A,€30.39m,28,€14.03m,28,€-16.36m,2005/2006
15,Atlético de Madrid,LaLiga,€26.50m,18,€5.30m,19,€-21.20m,2005/2006
16,Valencia CF,LaLiga,€24.81m,25,€13.90m,19,€-10.91m,2005/2006
17,Sevilla FC,LaLiga,€23.00m,9,€48.20m,15,€25.20m,2005/2006
18,US Palermo,Serie A,€22.35m,24,€10.00m,26,€-12.35m,2005/2006
19,West Ham United,Premier League,€21.59m,32,€550k,30,€-21.04m,2005/2006
20,Villarreal CF,LaLiga,€19.90m,10,€13.35m,8,€-6.55m,2005/2006
21,Lokomotiv Moscow,Premier Liga,€19.40m,20,€1.65m,16,€-17.75m,2005/2006
22,Portsmouth FC,Premier League,€18.78m,39,€12.15m,35,€-6.63m,2005/2006
23,FC Porto,Liga Portugal,€18.30m,35,€48.80m,33,€30.50m,2005/2006
24,Paris Saint-Germain,Ligue 1,€18.20m,15,€12.43m,14,€-5.78m,2005/2006
25,Aston Villa,Premier League,€16.54m,16,€6.40m,15,€-10.14m,2005/2006
26,Wigan Athletic,Premier League,€15.77m,18,€5.63m,18,€-10.15m,2005/2006
27,RCD Espanyol Barcelona,LaLiga,€15.63m,16,€6.10m,17,€-9.53m,2005/2006
28,Spartak Moscow,Premier Liga,€15.50m,10,€16.50m,11,€1.00m,2005/2006
29,Ajax Amsterdam,Eredivisie,€15.50m,15,€14.50m,17,€-1.00m,2005/2006
30,Olympique Marseille,Ligue 1,€15.33m,32,€13.85m,29,€-1.48m,2005/2006
31,West Bromwich Albion,Premier League,€15.30m,16,€9.08m,17,€-6.23m,2005/2006
32,SV Werder Bremen,Bundesliga,€15.19m,15,€11.00m,11,€-4.19m,2005/2006
33,FC Schalke 04,Bundesliga,€14.20m,9,€8.08m,12,€-6.13m,2005/2006
34,Middlesbrough FC,Premier League,€13.96m,18,-,12,€-13.96m,2005/2006
35,Shakhtar Donetsk,Premier Liga,€13.86m,12,€400k,13,€-13.46m,2005/2006
36,Stade Rennais FC,Ligue 1,€12.80m,13,€3.70m,12,€-9.10m,2005/2006
37,Celtic FC,Premiership,€12.50m,18,€1.50m,16,€-11.00m,2005/2006
38,Manchester City,Premier League,€12.48m,13,€32.50m,12,€20.03m,2005/2006
39,Birmingham City,Premier League,€12.10m,31,€7.95m,27,€-4.15m,2005/2006
40,Parma FC,Serie A,€11.65m,20,€26.25m,23,€14.60m,2005/2006
41,VfB Stuttgart,Bundesliga,€11.55m,11,€29.00m,16,€17.45m,2005/2006
42,FC Toulouse,Ligue 1,€11.40m,8,-,11,€-11.40m,2005/2006
43,Bayern Munich,Bundesliga,€11.20m,6,€7.05m,7,€-4.15m,2005/2006
44,Red Bull Salzburg,Bundesliga,€10.85m,18,-,18,€-10.85m,2005/2006
45,Saturn Ramenskoe,Premier Liga,€10.50m,22,€600k,19,€-9.90m,2005/2006
46,VfL Wolfsburg,Bundesliga,€9.98m,13,€12.80m,12,€2.83m,2005/2006
47,RCD Mallorca,LaLiga,€9.75m,21,€5.00m,22,€-4.75m,2005/2006
48,Hamburger SV,Bundesliga,€9.75m,16,€3.60m,15,€-6.15m,2005/2006
49,Blackburn Rovers,Premier League,€9.40m,23,€2.70m,25,€-6.70m,2005/2006
50,AS Saint-Étienne,Ligue 1,€9.40m,17,-,14,€-9.40m,2005/2006
1,Real Madrid,LaLiga,€103.00m,13,€15.35m,17,€-87.65m,2006/2007
2,Chelsea FC,Premier League,€88.98m,18,€52.60m,17,€-36.38m,2006/2007
3,West Ham United,Premier League,€69.85m,23,€6.75m,23,€-63.10m,2006/2007
4,Tottenham Hotspur,Premier League,€61.00m,19,€38.65m,22,€-22.35m,2006/2007
5,Atlético de Madrid,LaLiga,€58.43m,20,€7.00m,21,€-51.43m,2006/2007
6,Valencia CF,LaLiga,€49.80m,18,€20.83m,18,€-28.97m,2006/2007
7,FC Internazionale,Serie A,€48.40m,33,€31.89m,36,€-16.51m,2006/2007
8,Liverpool FC,Premier League,€46.00m,27,€24.73m,27,€-21.28m,2006/2007
9,AC Milan,Serie A,€41.40m,26,€57.33m,24,€15.93m,2006/2007
10,Zenit St. Petersburg,Premier Liga,€39.10m,14,€6.98m,15,€-32.13m,2006/2007
11,US Palermo,Serie A,€34.20m,29,€27.40m,26,€-6.80m,2006/2007
12,Olympique Lyon,Ligue 1,€32.45m,15,€47.33m,12,€14.88m,2006/2007
13,Newcastle United,Premier League,€31.88m,11,€11.18m,13,€-20.70m,2006/2007
14,Villarreal CF,LaLiga,€31.04m,14,€5.30m,11,€-25.74m,2006/2007
15,FC Barcelona,LaLiga,€31.00m,8,€13.20m,8,€-17.80m,2006/2007
16,Hamburger SV,Bundesliga,€30.30m,16,€22.63m,12,€-7.67m,2006/2007
17,Wigan Athletic,Premier League,€29.38m,23,€24.33m,25,€-5.05m,2006/2007
18,ACF Fiorentina,Serie A,€28.75m,18,€2.33m,19,€-26.43m,2006/2007
19,Manchester United,Premier League,€27.20m,23,€18.00m,26,€-9.20m,2006/2007
20,Real Betis Balompié,LaLiga,€24.94m,16,€40.20m,12,€15.26m,2006/2007
21,Aston Villa,Premier League,€24.70m,18,€4.33m,16,€-20.38m,2006/2007
22,Fenerbahce,Süper Lig,€24.70m,12,€12.00m,11,€-12.70m,2006/2007
23,SS Lazio,Serie A,€24.16m,19,€8.75m,24,€-15.41m,2006/2007
24,Bayern Munich,Bundesliga,€24.00m,6,€2.50m,8,€-21.50m,2006/2007
25,AS Monaco,Ligue 1,€22.60m,21,€24.55m,22,€1.95m,2006/2007
26,Charlton Athletic,Premier League,€21.65m,33,€2.28m,35,€-19.38m,2006/2007
27,AS Roma,Serie A,€21.22m,25,€19.62m,23,€-1.60m,2006/2007
28,Birmingham City,Championship,€20.43m,23,€32.48m,32,€12.05m,2006/2007
29,Sevilla FC,LaLiga,€18.70m,13,€1.50m,13,€-17.20m,2006/2007
30,Sheffield United,Premier League,€18.03m,39,€3.33m,37,€-14.70m,2006/2007
31,Blackburn Rovers,Premier League,€17.98m,27,€16.91m,24,€-1.07m,2006/2007
32,Everton FC,Premier League,€17.90m,13,€2.50m,15,€-15.40m,2006/2007
33,Bolton Wanderers,Premier League,€17.00m,20,€3.85m,16,€-13.15m,2006/2007
34,Real Zaragoza,LaLiga,€16.80m,13,€17.58m,12,€780k,2006/2007
35,Paris Saint-Germain,Ligue 1,€16.70m,15,€4.50m,18,€-12.20m,2006/2007
36,Celtic FC,Premiership,€16.40m,30,€16.33m,25,€-70k,2006/2007
37,RC Lens,Ligue 1,€16.30m,15,€18.75m,17,€2.45m,2006/2007
38,Sunderland AFC,Championship,€16.10m,31,€10.38m,35,€-5.73m,2006/2007
39,PSV Eindhoven,Eredivisie,€16.05m,23,€10.45m,22,€-5.60m,2006/2007
40,Lokomotiv Moscow,Premier Liga,€16.00m,17,€2.10m,15,€-13.90m,2006/2007
41,Besiktas JK,Süper Lig,€15.95m,20,€3.55m,23,€-12.40m,2006/2007
42,SV Werder Bremen,Bundesliga,€15.35m,10,€10.70m,11,€-4.65m,2006/2007
43,Arsenal FC,Premier League,€15.00m,15,€12.93m,18,€-2.08m,2006/2007
44,VfB Stuttgart,Bundesliga,€14.70m,19,€8.65m,15,€-6.05m,2006/2007
45,AJ Auxerre,Ligue 1,€14.50m,12,€4.50m,17,€-10.00m,2006/2007
46,UC Sampdoria,Serie A,€14.34m,30,€4.17m,29,€-10.17m,2006/2007
47,AZ Alkmaar,Eredivisie,€14.13m,23,€15.08m,19,€950k,2006/2007
48,Athletic Bilbao,LaLiga,€13.90m,13,€300k,9,€-13.60m,2006/2007
49,Fulham FC,Premier League,€13.80m,19,€10.52m,23,€-3.29m,2006/2007
50,RSC Anderlecht,Jupiler Pro League,€13.50m,21,€13.80m,20,€300k,2006/2007
1,Real Madrid,LaLiga,€118.00m,19,€42.40m,19,€-75.60m,2007/2008
2,Manchester United,Premier League,€106.50m,25,€46.60m,22,€-59.90m,2007/2008
3,Tottenham Hotspur,Premier League,€94.15m,26,€22.55m,21,€-71.60m,2007/2008
4,Bayern Munich,Bundesliga,€93.20m,13,€36.15m,12,€-57.05m,2007/2008
5,Liverpool FC,Premier League,€90.70m,26,€46.75m,26,€-43.95m,2007/2008
6,Atlético de Madrid,LaLiga,€80.50m,17,€52.10m,16,€-28.40m,2007/2008
7,Manchester City,Premier League,€77.95m,31,€10.56m,26,€-67.39m,2007/2008
8,Valencia CF,LaLiga,€72.15m,21,€7.60m,22,€-64.55m,2007/2008
9,Juventus FC,Serie A,€69.45m,36,€33.63m,38,€-35.82m,2007/2008
10,FC Barcelona,LaLiga,€68.50m,11,€14.00m,7,€-54.50m,2007/2008
11,Sunderland AFC,Premier League,€64.32m,31,€3.20m,21,€-61.12m,2007/2008
12,Chelsea FC,Premier League,€59.00m,20,€43.65m,16,€-15.35m,2007/2008
13,Portsmouth FC,Premier League,€58.64m,27,€23.38m,25,€-35.27m,2007/2008
14,Olympique Lyon,Ligue 1,€56.90m,16,€63.50m,17,€6.60m,2007/2008
15,Shakhtar Donetsk,Premier Liga,€54.01m,21,€39.30m,18,€-14.71m,2007/2008
16,AS Roma,Serie A,€50.85m,23,€22.92m,27,€-27.94m,2007/2008
17,Middlesbrough FC,Premier League,€50.60m,21,€30.23m,23,€-20.38m,2007/2008
18,Fulham FC,Premier League,€50.43m,38,€19.50m,27,€-30.93m,2007/2008
19,West Ham United,Premier League,€47.15m,18,€42.00m,17,€-5.15m,2007/2008
20,SSC Napoli,Serie A,€44.06m,19,€615k,19,€-43.45m,2007/2008
21,FC Internazionale,Serie A,€41.80m,31,€14.24m,32,€-27.56m,2007/2008
22,Villarreal CF,LaLiga,€40.00m,21,€44.45m,25,€4.45m,2007/2008
23,SL Benfica,Liga Portugal,€39.37m,42,€55.72m,44,€16.36m,2007/2008
24,Newcastle United,Premier League,€37.85m,19,€31.70m,17,€-6.15m,2007/2008
25,Everton FC,Premier League,€37.55m,16,€14.80m,16,€-22.75m,2007/2008
26,AZ Alkmaar,Eredivisie,€35.05m,18,€14.95m,17,€-20.10m,2007/2008
27,ACF Fiorentina,Serie A,€34.65m,24,€39.97m,19,€5.32m,2007/2008
28,Arsenal FC,Premier League,€30.95m,17,€56.73m,18,€25.78m,2007/2008
29,VfL Wolfsburg,Bundesliga,€30.71m,20,€14.41m,20,€-16.30m,2007/2008
30,Olympique Marseille,Ligue 1,€30.00m,28,€38.90m,25,€8.90m,2007/2008
31,Birmingham City,Premier League,€29.30m,30,€8.48m,29,€-20.83m,2007/2008
32,Sevilla FC,LaLiga,€29.00m,19,€21.10m,16,€-7.90m,2007/2008
33,AC Milan,Serie A,€29.00m,22,€11.11m,22,€-17.89m,2007/2008
34,US Palermo,Serie A,€26.85m,20,€20.63m,24,€-6.22m,2007/2008
35,SV Werder Bremen,Bundesliga,€26.10m,15,€23.01m,11,€-3.09m,2007/2008
36,Ajax Amsterdam,Eredivisie,€26.02m,20,€52.25m,15,€26.23m,2007/2008
37,Aston Villa,Premier League,€24.90m,11,€17.90m,16,€-7.00m,2007/2008
38,Real Betis Balompié,LaLiga,€24.30m,13,€1.23m,14,€-23.08m,2007/2008
39,RC Lens,Ligue 1,€23.70m,22,€19.05m,19,€-4.65m,2007/2008
40,Olympiacos Piraeus,Super League 1,€22.81m,30,€15.29m,27,€-7.52m,2007/2008
41,Derby County,Premier League,€22.68m,30,€5.24m,28,€-17.44m,2007/2008
42,Bolton Wanderers,Premier League,€22.35m,25,€21.97m,23,€-384k,2007/2008
43,West Bromwich Albion,Championship,€22.23m,31,€32.25m,27,€10.03m,2007/2008
44,Udinese Calcio,Serie A,€21.66m,34,€30.11m,37,€8.46m,2007/2008
45,Real Zaragoza,LaLiga,€21.10m,17,€25.30m,14,€4.20m,2007/2008
46,FC Girondins Bordeaux,Ligue 1,€20.80m,15,€19.00m,17,€-1.80m,2007/2008
47,Paris Saint-Germain,Ligue 1,€20.50m,20,€14.30m,20,€-6.20m,2007/2008
48,AS Monaco,Ligue 1,€20.40m,21,€21.80m,20,€1.40m,2007/2008
49,AS Saint-Étienne,Ligue 1,€20.30m,17,€18.85m,19,€-1.45m,2007/2008
50,Lokomotiv Moscow,Premier Liga,€19.80m,16,€24.25m,17,€4.45m,2007/2008
1,Manchester City,Premier League,€157.35m,26,€26.50m,18,€-130.85m,2008/2009
2,Tottenham Hotspur,Premier League,€143.95m,34,€88.05m,35,€-55.90m,2008/2009
3,FC Barcelona,LaLiga,€96.00m,9,€54.59m,12,€-41.41m,2008/2009
4,Real Madrid,LaLiga,€82.20m,12,€71.00m,11,€-11.20m,2008/2009
5,AC Milan,Serie A,€73.88m,35,€47.20m,35,€-26.68m,2008/2009
6,Liverpool FC,Premier League,€71.45m,29,€46.45m,29,€-25.00m,2008/2009
7,FC Internazionale,Serie A,€70.10m,33,€10.18m,31,€-59.92m,2008/2009
8,Genoa CFC,Serie A,€55.91m,39,€39.40m,42,€-16.51m,2008/2009
9,Aston Villa,Premier League,€55.90m,19,€7.52m,15,€-48.38m,2008/2009
10,US Palermo,Serie A,€53.50m,31,€63.95m,29,€10.45m,2008/2009
11,Olympique Lyon,Ligue 1,€50.30m,15,€34.00m,14,€-16.30m,2008/2009
12,Zenit St. Petersburg,Premier Liga,€50.00m,9,€21.30m,12,€-28.70m,2008/2009
13,ACF Fiorentina,Serie A,€49.20m,22,€18.20m,23,€-31.00m,2008/2009
14,FC Porto,Liga Portugal,€46.65m,43,€55.00m,47,€8.35m,2008/2009
15,Manchester United,Premier League,€45.25m,16,€7.45m,17,€-37.80m,2008/2009
16,Juventus FC,Serie A,€40.50m,33,€31.80m,34,€-8.70m,2008/2009
17,Arsenal FC,Premier League,€40.15m,15,€25.80m,11,€-14.35m,2008/2009
18,UC Sampdoria,Serie A,€38.24m,35,€10.80m,38,€-27.44m,2008/2009
19,Sevilla FC,LaLiga,€37.70m,14,€60.55m,15,€22.85m,2008/2009
20,Olympique Marseille,Ligue 1,€36.12m,23,€23.65m,27,€-12.47m,2008/2009
21,Newcastle United,Premier League,€35.48m,22,€41.40m,15,€5.93m,2008/2009
22,Hamburger SV,Bundesliga,€34.45m,15,€45.20m,14,€10.75m,2008/2009
23,Ajax Amsterdam,Eredivisie,€34.25m,16,€37.85m,17,€3.60m,2008/2009
24,Real Betis Balompié,LaLiga,€34.20m,14,€11.50m,13,€-22.70m,2008/2009
25,Stoke City,Premier League,€33.95m,24,€765k,19,€-33.19m,2008/2009
26,Sunderland AFC,Premier League,€33.11m,34,€11.15m,34,€-21.96m,2008/2009
27,VfL Wolfsburg,Bundesliga,€33.10m,19,€4.53m,22,€-28.57m,2008/2009
28,AS Roma,Serie A,€32.55m,38,€18.00m,34,€-14.55m,2008/2009
29,SSC Napoli,Serie A,€30.80m,18,€10.65m,19,€-20.15m,2008/2009
30,Chelsea FC,Premier League,€30.50m,15,€44.55m,17,€14.05m,2008/2009
31,Portsmouth FC,Premier League,€28.20m,29,€54.15m,24,€25.95m,2008/2009
32,Fulham FC,Premier League,€26.85m,29,€16.33m,39,€-10.53m,2008/2009
33,Atlético de Madrid,LaLiga,€26.50m,13,€3.45m,15,€-23.05m,2008/2009
34,Villarreal CF,LaLiga,€26.17m,17,€24.50m,17,€-1.67m,2008/2009
35,SL Benfica,Liga Portugal,€26.01m,32,€7.60m,31,€-18.41m,2008/2009
36,Everton FC,Premier League,€25.08m,14,€13.30m,10,€-11.78m,2008/2009
37,SS Lazio,Serie A,€24.55m,24,€12.70m,25,€-11.85m,2008/2009
38,Bologna FC 1909,Serie A,€24.40m,19,€5.10m,15,€-19.30m,2008/2009
39,West Bromwich Albion,Premier League,€24.32m,21,€10.25m,20,€-14.07m,2008/2009
40,Wigan Athletic,Premier League,€24.10m,22,€24.50m,26,€400k,2008/2009
41,Bolton Wanderers,Premier League,€23.70m,14,€10.88m,16,€-12.83m,2008/2009
42,Rangers FC,Premiership,€23.65m,24,€13.32m,21,€-10.33m,2008/2009
43,Lokomotiv Moscow,Premier Liga,€23.20m,14,€8.26m,19,€-14.94m,2008/2009
44,Olympiacos Piraeus,Super League 1,€23.15m,20,€7.41m,20,€-15.74m,2008/2009
45,Panathinaikos FC,Super League 1,€22.58m,34,€2.69m,34,€-19.89m,2008/2009
46,Real Zaragoza,LaLiga2,€22.30m,17,€46.00m,20,€23.70m,2008/2009
47,Torino FC,Serie A,€22.20m,18,€11.40m,19,€-10.80m,2008/2009
48,Trabzonspor,Süper Lig,€21.39m,36,€1.25m,39,€-20.14m,2008/2009
49,Fenerbahce,Süper Lig,€20.50m,10,-,9,€-20.50m,2008/2009
50,OGC Nice,Ligue 1,€20.25m,14,€35.90m,14,€15.65m,2008/2009
1,Real Madrid,LaLiga,€258.50m,10,€88.50m,14,€-170.00m,2009/2010
2,Manchester City,Premier League,€147.30m,22,€29.20m,28,€-118.10m,2009/2010
3,FC Barcelona,LaLiga,€113.50m,8,€24.50m,10,€-89.00m,2009/2010
4,FC Internazionale,Serie A,€97.20m,40,€109.10m,43,€11.90m,2009/2010
5,Olympique Lyon,Ligue 1,€82.70m,15,€53.00m,11,€-29.70m,2009/2010
6,Genoa CFC,Serie A,€78.99m,61,€68.95m,54,€-10.04m,2009/2010
7,Bayern Munich,Bundesliga,€75.70m,13,€22.95m,12,€-52.75m,2009/2010
8,Juventus FC,Serie A,€59.30m,28,€14.30m,27,€-45.00m,2009/2010
9,SSC Napoli,Serie A,€55.15m,18,€4.75m,22,€-50.40m,2009/2010
10,Aston Villa,Premier League,€46.90m,21,€22.10m,16,€-24.80m,2009/2010
11,Liverpool FC,Premier League,€43.50m,21,€48.55m,26,€5.05m,2009/2010
12,Olympique Marseille,Ligue 1,€42.30m,25,€27.80m,23,€-14.50m,2009/2010
13,Tottenham Hotspur,Premier League,€40.30m,32,€31.70m,31,€-8.60m,2009/2010
14,ACF Fiorentina,Serie A,€38.45m,31,€45.00m,30,€6.55m,2009/2010
15,SL Benfica,Liga Portugal,€38.30m,45,€6.83m,43,€-31.47m,2009/2010
16,Sunderland AFC,Premier League,€37.00m,23,€21.28m,29,€-15.73m,2009/2010
17,Zenit St. Petersburg,Premier Liga,€31.80m,16,€24.50m,13,€-7.30m,2009/2010
18,FC Porto,Liga Portugal,€31.73m,55,€72.89m,56,€41.16m,2009/2010
19,Fenerbahce,Süper Lig,€31.20m,11,€3.90m,15,€-27.30m,2009/2010
20,SS Lazio,Serie A,€31.20m,31,€13.20m,25,€-18.00m,2009/2010
21,Hamburger SV,Bundesliga,€30.45m,18,€8.50m,18,€-21.95m,2009/2010
22,Chelsea FC,Premier League,€30.00m,16,€3.80m,12,€-26.20m,2009/2010
23,FC Girondins Bordeaux,Ligue 1,€28.50m,15,€11.00m,12,€-17.50m,2009/2010
24,Sevilla FC,LaLiga,€27.50m,11,€9.30m,11,€-18.20m,2009/2010
25,Parma FC,Serie A,€27.47m,42,€30.96m,43,€3.49m,2009/2010
26,VfL Wolfsburg,Bundesliga,€27.30m,14,€3.40m,15,€-23.90m,2009/2010
27,Manchester United,Premier League,€27.30m,17,€104.47m,17,€77.17m,2009/2010
28,Stoke City,Premier League,€26.05m,23,€6.50m,23,€-19.55m,2009/2010
29,Besiktas JK,Süper Lig,€23.93m,21,€100k,16,€-23.83m,2009/2010
30,Everton FC,Premier League,€23.30m,15,€28.34m,15,€5.04m,2009/2010
31,Villarreal CF,LaLiga,€22.90m,11,€11.75m,15,€-11.15m,2009/2010
32,Dinamo Moscow,Premier Liga,€22.40m,9,€6.50m,9,€-15.90m,2009/2010
33,AC Milan,Serie A,€22.10m,22,€80.66m,23,€58.56m,2009/2010
34,West Ham United,Premier League,€21.65m,23,€41.30m,26,€19.65m,2009/2010
35,Calcio Catania,Serie A,€21.50m,37,€1.15m,32,€-20.35m,2009/2010
36,Birmingham City,Premier League,€20.05m,26,€400k,27,€-19.65m,2009/2010
37,AS Saint-Étienne,Ligue 1,€19.50m,13,€14.40m,13,€-5.10m,2009/2010
38,Wolverhampton Wanderers,Premier League,€19.45m,32,€870k,26,€-18.58m,2009/2010
39,AS Bari,Serie A,€19.14m,46,€1.79m,41,€-17.34m,2009/2010
40,Wigan Athletic,Premier League,€18.44m,18,€25.98m,18,€7.55m,2009/2010
41,Udinese Calcio,Serie A,€18.33m,55,€36.30m,51,€17.97m,2009/2010
42,VfB Stuttgart,Bundesliga,€18.10m,11,€30.95m,9,€12.85m,2009/2010
43,Lokomotiv Moscow,Premier Liga,€18.00m,20,€10.80m,15,€-7.20m,2009/2010
44,AC Siena,Serie A,€17.40m,42,€27.20m,44,€9.80m,2009/2010
45,US Palermo,Serie A,€17.30m,35,€12.79m,32,€-4.51m,2009/2010
46,Atlético de Madrid,LaLiga,€17.25m,15,€17.90m,15,€650k,2009/2010
47,Dnipro Dnipropetrovsk (-2020),Premier Liga,€16.53m,19,-,21,€-16.53m,2009/2010
48,Galatasaray,Süper Lig,€16.44m,23,€2.60m,27,€-13.84m,2009/2010
49,TSG 1899 Hoffenheim,Bundesliga,€16.25m,12,€225k,8,€-16.03m,2009/2010
50,Panathinaikos FC,Super League 1,€16.15m,22,€3.95m,24,€-12.20m,2009/2010
1,Manchester City,Premier League,€183.61m,33,€40.15m,26,€-143.46m,2010/2011
2,Chelsea FC,Premier League,€121.50m,19,€16.50m,21,€-105.00m,2010/2011
3,Liverpool FC,Premier League,€97.73m,21,€101.50m,24,€3.78m,2010/2011
4,Real Madrid,LaLiga,€93.00m,7,€10.50m,6,€-82.50m,2010/2011
5,Genoa CFC,Serie A,€76.85m,62,€60.40m,66,€-16.45m,2010/2011
6,FC Barcelona,LaLiga,€72.50m,9,€52.70m,9,€-19.80m,2010/2011
7,Juventus FC,Serie A,€59.27m,46,€36.78m,42,€-22.50m,2010/2011
8,VfL Wolfsburg,Bundesliga,€56.15m,18,€59.65m,16,€3.50m,2010/2011
9,AC Milan,Serie A,€51.70m,43,€25.93m,39,€-25.77m,2010/2011
10,Rubin Kazan,Premier Liga,€43.90m,16,€16.90m,19,€-27.00m,2010/2011
11,Zenit St. Petersburg,Premier Liga,€43.00m,7,€1.60m,9,€-41.40m,2010/2011
12,Olympique Marseille,Ligue 1,€41.50m,16,€22.60m,17,€-18.90m,2010/2011
13,SL Benfica,Liga Portugal,€39.13m,47,€86.08m,46,€46.96m,2010/2011
14,FC Internazionale,Serie A,€38.14m,37,€66.53m,38,€28.39m,2010/2011
15,Aston Villa,Premier League,€37.40m,20,€28.40m,20,€-9.00m,2010/2011
16,Spartak Moscow,Premier Liga,€36.40m,24,€16.70m,23,€-19.70m,2010/2011
17,FC Schalke 04,Bundesliga,€36.10m,22,€20.05m,26,€-16.05m,2010/2011
18,Atlético de Madrid,LaLiga,€34.05m,10,€23.90m,12,€-10.15m,2010/2011
19,US Palermo,Serie A,€32.78m,40,€23.85m,42,€-8.93m,2010/2011
20,FC Porto,Liga Portugal,€31.75m,44,€38.78m,45,€7.03m,2010/2011
21,Anzhi Makhachkala ( -2022),Premier Liga,€31.20m,27,-,23,€-31.20m,2010/2011
22,Parma FC,Serie A,€30.70m,55,€18.66m,52,€-12.04m,2010/2011
23,SS Lazio,Serie A,€29.50m,19,€27.03m,22,€-2.47m,2010/2011
24,Galatasaray,Süper Lig,€29.50m,21,€22.75m,22,€-6.75m,2010/2011
25,Manchester United,Premier League,€29.30m,16,€16.97m,18,€-12.34m,2010/2011
26,Sunderland AFC,Premier League,€29.10m,29,€41.78m,29,€12.68m,2010/2011
27,Shakhtar Donetsk,Premier Liga,€28.45m,14,€7.00m,14,€-21.45m,2010/2011
28,Olympique Lyon,Ligue 1,€28.44m,7,€10.82m,11,€-17.63m,2010/2011
29,Dnipro Dnipropetrovsk (-2020),Premier Liga,€28.30m,24,-,23,€-28.30m,2010/2011
30,Valencia CF,LaLiga,€27.85m,16,€84.35m,16,€56.50m,2010/2011
31,Tottenham Hotspur,Premier League,€26.60m,39,€2.94m,33,€-23.67m,2010/2011
32,Metalist Kharkiv (- 2016),Premier Liga,€26.00m,23,€6.95m,21,€-19.05m,2010/2011
33,UC Sampdoria,Serie A,€25.81m,37,€27.00m,36,€1.20m,2010/2011
34,Birmingham City,Premier League,€25.60m,24,€175k,21,€-25.43m,2010/2011
35,Málaga CF,LaLiga,€25.05m,23,-,24,€-25.05m,2010/2011
36,Dynamo Kyiv,Premier Liga,€24.55m,14,€7.11m,9,€-17.45m,2010/2011
37,Fenerbahce,Süper Lig,€23.60m,11,-,9,€-23.60m,2010/2011
38,Arsenal FC,Premier League,€23.00m,18,€8.10m,22,€-14.90m,2010/2011
39,ACF Fiorentina,Serie A,€22.82m,27,€5.75m,24,€-17.07m,2010/2011
40,Bologna FC 1909,Serie A,€22.51m,23,€8.20m,24,€-14.31m,2010/2011
41,TSG 1899 Hoffenheim,Bundesliga,€22.45m,15,€45.40m,16,€22.95m,2010/2011
42,Stade Rennais FC,Ligue 1,€22.20m,20,€34.13m,17,€11.93m,2010/2011
43,CSKA Moscow,Premier Liga,€21.70m,19,€17.80m,17,€-3.90m,2010/2011
44,Stoke City,Premier League,€21.10m,24,€6.78m,23,€-14.33m,2010/2011
45,Wolverhampton Wanderers,Premier League,€20.22m,28,€6.44m,25,€-13.78m,2010/2011
46,SSC Napoli,Serie A,€19.80m,30,€12.90m,25,€-6.90m,2010/2011
47,Red Bull Salzburg,Bundesliga,€19.30m,18,€11.60m,16,€-7.70m,2010/2011
48,West Ham United,Premier League,€18.03m,18,€4.95m,19,€-13.08m,2010/2011
49,Sevilla FC,LaLiga,€17.10m,16,€29.60m,16,€12.50m,2010/2011
50,Bayern Munich,Bundesliga,€17.00m,8,€6.00m,10,€-11.00m,2010/2011
1,Paris Saint-Germain,Ligue 1,€107.10m,19,€9.40m,14,€-97.70m,2011/2012
2,Juventus FC,Serie A,€101.83m,45,€20.70m,50,€-81.13m,2011/2012
3,Chelsea FC,Premier League,€96.45m,22,€31.56m,22,€-64.89m,2011/2012
4,AS Roma,Serie A,€91.25m,34,€26.13m,32,€-65.12m,2011/2012
5,Anzhi Makhachkala ( -2022),Russia,€91.20m,17,€26.00m,17,€-65.20m,2011/2012
6,Manchester City,Premier League,€91.05m,29,€31.20m,35,€-59.85m,2011/2012
7,Atlético de Madrid,LaLiga,€85.20m,21,€85.35m,20,€150k,2011/2012
8,SSC Napoli,Serie A,€72.70m,36,€23.79m,41,€-48.91m,2011/2012
9,Arsenal FC,Premier League,€65.48m,33,€78.29m,26,€12.82m,2011/2012
10,Liverpool FC,Premier League,€65.33m,21,€22.00m,18,€-43.33m,2011/2012
11,AC Milan,Serie A,€65.15m,48,€22.30m,43,€-42.85m,2011/2012
12,Manchester United,Premier League,€62.30m,15,€12.90m,18,€-49.41m,2011/2012
13,FC Barcelona,LaLiga,€60.00m,12,€46.95m,12,€-13.05m,2011/2012
14,Málaga CF,LaLiga,€59.25m,16,-,16,€-59.25m,2011/2012
15,Real Madrid,LaLiga,€56.00m,6,€8.00m,7,€-48.00m,2011/2012
16,Genoa CFC,Serie A,€53.13m,70,€81.95m,71,€28.81m,2011/2012
17,Bayern Munich,Bundesliga,€52.10m,8,€5.00m,5,€-47.10m,2011/2012
18,FC Porto,Liga Portugal,€49.19m,37,€46.80m,38,€-2.39m,2011/2012
19,VfL Wolfsburg,Bundesliga,€48.80m,27,€12.13m,19,€-36.68m,2011/2012
20,US Palermo,Serie A,€46.03m,49,€69.65m,48,€23.63m,2011/2012
21,FC Internazionale,Serie A,€41.70m,37,€55.95m,37,€14.25m,2011/2012
22,Fenerbahce,Süper Lig,€35.30m,15,€27.50m,13,€-7.80m,2011/2012
23,Sporting CP,Liga Portugal,€34.00m,38,€6.63m,38,€-27.37m,2011/2012
24,Valencia CF,LaLiga,€34.00m,15,€32.90m,15,€-1.10m,2011/2012
25,Dinamo Moscow,Russia,€33.60m,12,€7.00m,11,€-26.60m,2011/2012
26,Villarreal CF,LaLiga,€31.30m,16,€26.85m,14,€-4.45m,2011/2012
27,SL Benfica,Liga Portugal,€30.96m,50,€41.19m,52,€10.23m,2011/2012
28,Sunderland AFC,Premier League,€27.92m,35,€26.33m,31,€-1.60m,2011/2012
29,Newcastle United,Premier League,€27.00m,27,€16.04m,26,€-10.96m,2011/2012
30,Queens Park Rangers,Premier League,€26.23m,46,€2.80m,41,€-23.43m,2011/2012
31,Bayer 04 Leverkusen,Bundesliga,€26.11m,16,€16.06m,15,€-10.05m,2011/2012
32,PSV Eindhoven,Eredivisie,€25.75m,13,€15.80m,13,€-9.95m,2011/2012
33,Stoke City,Premier League,€24.80m,26,€1.99m,26,€-22.82m,2011/2012
34,Trabzonspor,Süper Lig,€24.45m,26,€9.73m,24,€-14.73m,2011/2012
35,Dnipro Dnipropetrovsk (-2020),Premier Liga,€24.44m,17,€2.50m,20,€-21.94m,2011/2012
36,Galatasaray,Süper Lig,€23.60m,22,€15.83m,20,€-7.78m,2011/2012
37,LOSC Lille,Ligue 1,€23.40m,19,€36.90m,18,€13.50m,2011/2012
38,Rubin Kazan,Russia,€23.35m,14,€8.60m,11,€-14.75m,2011/2012
39,Spartak Moscow,Russia,€23.00m,13,€6.80m,14,€-16.20m,2011/2012
40,SS Lazio,Serie A,€22.84m,25,€26.38m,25,€3.54m,2011/2012
41,Udinese Calcio,Serie A,€21.11m,63,€70.63m,62,€49.52m,2011/2012
42,Bologna FC 1909,Serie A,€20.78m,27,€21.10m,24,€318k,2011/2012
43,Blackburn Rovers,Premier League,€20.55m,26,€40.30m,28,€19.75m,2011/2012
44,Dynamo Kyiv,Premier Liga,€20.50m,14,€23.10m,15,€2.60m,2011/2012
45,Aston Villa,Premier League,€20.34m,20,€43.75m,25,€23.41m,2011/2012
46,ACF Fiorentina,Serie A,€20.14m,36,€20.11m,35,€-23k,2011/2012
47,AS Monaco,Ligue 2,€20.00m,38,€23.00m,32,€3.00m,2011/2012
48,Sevilla FC,LaLiga,€19.00m,18,€15.70m,20,€-3.30m,2011/2012
49,UC Sampdoria,Serie B,€18.36m,45,€5.60m,42,€-12.75m,2011/2012
50,Fulham FC,Premier League,€18.13m,21,€7.67m,17,€-10.46m,2011/2012
1,Paris Saint-Germain,Ligue 1,€151.00m,11,€4.75m,15,€-146.25m,2012/2013
2,Chelsea FC,Premier League,€109.70m,29,€25.45m,28,€-84.25m,2012/2013
3,Zenit St. Petersburg,Premier Liga,€88.76m,9,€1.75m,8,€-87.01m,2012/2013
4,FC Internazionale,Serie A,€76.55m,47,€63.30m,44,€-13.25m,2012/2013
5,Manchester United,Premier League,€76.45m,18,€9.65m,15,€-66.80m,2012/2013
6,Tottenham Hotspur,Premier League,€73.25m,29,€72.78m,34,€-470k,2012/2013
7,Juventus FC,Serie A,€72.80m,47,€23.30m,43,€-49.50m,2012/2013
8,Liverpool FC,Premier League,€70.60m,19,€10.45m,18,€-60.15m,2012/2013
9,Bayern Munich,Bundesliga,€70.30m,10,€500k,7,€-69.80m,2012/2013
10,Anzhi Makhachkala ( -2022),Premier Liga,€67.90m,13,€16.00m,16,€-51.90m,2012/2013
11,Manchester City,Premier League,€61.95m,24,€44.30m,26,€-17.65m,2012/2013
12,AC Milan,Serie A,€59.60m,44,€88.50m,53,€28.90m,2012/2013
13,Arsenal FC,Premier League,€56.00m,16,€65.85m,18,€9.85m,2012/2013
14,Queens Park Rangers,Premier League,€50.35m,38,€4.51m,46,€-45.84m,2012/2013
15,AS Roma,Serie A,€44.17m,46,€21.56m,45,€-22.60m,2012/2013
16,Southampton FC,Premier League,€41.50m,29,-,25,€-41.50m,2012/2013
17,Dynamo Kyiv,Premier Liga,€40.78m,16,€9.30m,20,€-31.48m,2012/2013
18,ACF Fiorentina,Serie A,€40.77m,38,€33.40m,39,€-7.37m,2012/2013
19,Real Madrid,LaLiga,€38.50m,8,€33.50m,8,€-5.00m,2012/2013
20,Sunderland AFC,Premier League,€38.30m,26,€14.83m,30,€-23.48m,2012/2013
21,Fenerbahce,Süper Lig,€33.90m,13,€4.00m,12,€-29.90m,2012/2013
22,Borussia Mönchengladbach,Bundesliga,€33.40m,13,€24.05m,12,€-9.35m,2012/2013
23,FC Barcelona,LaLiga,€33.00m,7,€500k,5,€-32.50m,2012/2013
24,Spartak Moscow,Premier Liga,€32.20m,15,€5.60m,13,€-26.60m,2012/2013
25,Galatasaray,Süper Lig,€32.05m,19,€3.89m,19,€-28.16m,2012/2013
26,Rubin Kazan,Premier Liga,€32.00m,17,€4.50m,16,€-27.50m,2012/2013
27,Newcastle United,Premier League,€31.97m,21,€14.80m,19,€-17.17m,2012/2013
28,Udinese Calcio,Serie A,€31.40m,52,€60.95m,57,€29.55m,2012/2013
29,SSC Napoli,Serie A,€31.05m,29,€34.85m,28,€3.80m,2012/2013
30,Parma FC,Serie A,€29.95m,110,€19.55m,105,€-10.40m,2012/2013
31,SL Benfica,Liga Portugal,€29.00m,39,€75.73m,38,€46.73m,2012/2013
32,Aston Villa,Premier League,€27.83m,18,€3.20m,12,€-24.63m,2012/2013
33,VfL Wolfsburg,Bundesliga,€27.10m,21,€21.85m,28,€-5.25m,2012/2013
34,Hamburger SV,Bundesliga,€27.00m,11,€9.60m,17,€-17.40m,2012/2013
35,Genoa CFC,Serie A,€26.93m,74,€78.25m,72,€51.32m,2012/2013
36,Borussia Dortmund,Bundesliga,€26.65m,12,€34.00m,12,€7.35m,2012/2013
37,TSG 1899 Hoffenheim,Bundesliga,€26.30m,28,€20.25m,21,€-6.05m,2012/2013
38,US Palermo,Serie A,€26.00m,43,€24.18m,44,€-1.83m,2012/2013
39,Torino FC,Serie A,€24.98m,29,€4.38m,32,€-20.60m,2012/2013
40,AS Monaco,Ligue 2,€24.65m,25,€3.50m,30,€-21.15m,2012/2013
41,Shakhtar Donetsk,Premier Liga,€24.24m,14,€38.50m,16,€14.26m,2012/2013
42,West Ham United,Premier League,€23.90m,24,€5.05m,28,€-18.85m,2012/2013
43,Stoke City,Premier League,€23.68m,23,€640k,24,€-23.04m,2012/2013
44,Valencia CF,LaLiga,€23.20m,10,€30.00m,14,€6.80m,2012/2013
45,CSKA Moscow,Premier Liga,€22.70m,8,-,8,€-22.70m,2012/2013
46,LOSC Lille,Ligue 1,€22.50m,13,€41.20m,17,€18.70m,2012/2013
47,Everton FC,Premier League,€21.65m,12,€18.75m,13,€-2.90m,2012/2013
48,UC Sampdoria,Serie A,€21.00m,48,€6.10m,47,€-14.90m,2012/2013
49,Bayer 04 Leverkusen,Bundesliga,€20.90m,19,€14.68m,18,€-6.22m,2012/2013
50,Swansea City,Premier League,€20.47m,20,€32.60m,22,€12.13m,2012/2013
1,Real Madrid,LaLiga,€175.50m,10,€113.50m,10,€-62.00m,2013/2014
2,AS Monaco,Ligue 1,€160.70m,28,€5.55m,30,€-155.15m,2013/2014
3,Paris Saint-Germain,Ligue 1,€135.90m,18,€26.50m,17,€-109.40m,2013/2014
4,Chelsea FC,Premier League,€130.35m,38,€77.93m,36,€-52.42m,2013/2014
5,Tottenham Hotspur,Premier League,€122.55m,30,€138.40m,28,€15.85m,2013/2014
6,Manchester City,Premier League,€115.50m,16,€11.30m,18,€-104.20m,2013/2014
7,SSC Napoli,Serie A,€107.45m,40,€74.20m,39,€-33.25m,2013/2014
8,FC Barcelona,LaLiga,€101.00m,9,€28.10m,7,€-72.90m,2013/2014
9,Manchester United,Premier League,€77.13m,18,€1.80m,20,€-75.33m,2013/2014
10,AS Roma,Serie A,€75.39m,44,€120.39m,48,€45.00m,2013/2014
11,Shakhtar Donetsk,Premier Liga,€71.00m,18,€67.50m,17,€-3.50m,2013/2014
12,Dinamo Moscow,Premier Liga,€67.90m,23,€19.00m,21,€-48.90m,2013/2014
13,Bayern Munich,Bundesliga,€62.00m,8,€40.00m,7,€-22.00m,2013/2014
14,Anzhi Makhachkala ( -2022),Premier Liga,€60.40m,32,€157.85m,28,€97.45m,2013/2014
15,FC Internazionale,Serie A,€59.89m,39,€11.00m,42,€-48.89m,2013/2014
16,Liverpool FC,Premier League,€58.10m,18,€32.50m,23,€-25.60m,2013/2014
17,SL Benfica,Liga Portugal,€55.75m,29,€45.70m,31,€-10.05m,2013/2014
18,ACF Fiorentina,Serie A,€53.30m,31,€41.00m,32,€-12.30m,2013/2014
19,Borussia Dortmund,Bundesliga,€52.60m,13,€47.38m,11,€-5.23m,2013/2014
20,VfL Wolfsburg,Bundesliga,€50.60m,28,€16.05m,30,€-34.55m,2013/2014
21,Arsenal FC,Premier League,€49.25m,21,€12.15m,22,€-37.10m,2013/2014
22,US Sassuolo,Serie A,€46.50m,36,€5.00m,29,€-41.50m,2013/2014
23,Dynamo Kyiv,Premier Liga,€46.50m,20,€6.30m,19,€-40.20m,2013/2014
24,Cardiff City,Premier League,€45.82m,32,€3.74m,29,€-42.08m,2013/2014
25,Juventus FC,Serie A,€45.50m,41,€69.09m,45,€23.59m,2013/2014
26,Galatasaray,Süper Lig,€44.84m,22,€1.80m,20,€-43.04m,2013/2014
27,AC Milan,Serie A,€43.13m,50,€17.40m,48,€-25.73m,2013/2014
28,Zenit St. Petersburg,Premier Liga,€39.80m,11,€20.50m,12,€-19.30m,2013/2014
29,Southampton FC,Premier League,€39.60m,15,€4.20m,23,€-35.40m,2013/2014
30,Olympique Marseille,Ligue 1,€39.40m,13,€1.05m,15,€-38.35m,2013/2014
31,Atlético de Madrid,LaLiga,€36.10m,20,€70.10m,18,€34.01m,2013/2014
32,Sevilla FC,LaLiga,€35.30m,27,€90.98m,28,€55.68m,2013/2014
33,FC Porto,Liga Portugal,€34.82m,20,€81.42m,18,€46.60m,2013/2014
34,Spartak Moscow,Premier Liga,€34.55m,14,€17.30m,20,€-17.25m,2013/2014
35,Sunderland AFC,Premier League,€33.91m,36,€22.38m,33,€-11.53m,2013/2014
36,Crystal Palace,Premier League,€33.00m,42,-,32,€-33.00m,2013/2014
37,Lokomotiv Moskau,Premier Liga,€32.00m,15,€22.00m,14,€-10.00m,2013/2014
38,Everton FC,Premier League,€31.80m,19,€46.10m,19,€14.30m,2013/2014
39,Hull City,Premier League,€31.10m,32,€880k,32,€-30.22m,2013/2014
40,Fenerbahce,Süper Lig,€30.25m,10,€5.15m,14,€-25.10m,2013/2014
41,Norwich City,Premier League,€30.05m,21,€4.84m,21,€-25.22m,2013/2014
42,Fulham FC,Premier League,€29.30m,33,€4.15m,29,€-25.15m,2013/2014
43,SS Lazio,Serie A,€26.83m,27,€28.45m,26,€1.62m,2013/2014
44,Swansea City,Premier League,€26.61m,24,-,17,€-26.61m,2013/2014
45,FC Schalke 04,Bundesliga,€26.05m,13,€8.10m,14,€-17.95m,2013/2014
46,Rubin Kazan,Premier Liga,€25.10m,21,€30.45m,18,€5.35m,2013/2014
47,Bayer 04 Leverkusen,Bundesliga,€24.98m,18,€35.57m,16,€10.60m,2013/2014
48,Udinese Calcio,Serie A,€24.41m,59,€47.70m,54,€23.29m,2013/2014
49,West Ham United,Premier League,€24.00m,24,€530k,19,€-23.47m,2013/2014
50,Genoa CFC,Serie A,€23.44m,66,€30.23m,65,€6.80m,2013/2014
1,Manchester United,Premier League,€195.35m,25,€46.70m,26,€-148.65m,2014/2015
2,FC Barcelona,LaLiga,€166.72m,13,€81.80m,15,€-84.92m,2014/2015
3,Liverpool FC,Premier League,€151.43m,25,€99.27m,21,€-52.16m,2014/2015
4,Chelsea FC,Premier League,€137.70m,42,€142.81m,48,€5.11m,2014/2015
5,Real Madrid,LaLiga,€126.00m,8,€112.10m,8,€-13.90m,2014/2015
6,Atlético de Madrid,LaLiga,€120.35m,25,€89.30m,24,€-31.05m,2014/2015
7,Arsenal FC,Premier League,€118.98m,18,€27.80m,22,€-91.18m,2014/2015
8,Manchester City,Premier League,€102.80m,14,€30.30m,16,€-72.50m,2014/2015
9,AS Roma,Serie A,€101.41m,47,€41.60m,44,€-59.81m,2014/2015
10,Southampton FC,Premier League,€96.00m,25,€123.83m,21,€27.83m,2014/2015
11,Borussia Dortmund,Bundesliga,€65.20m,9,€4.80m,8,€-60.40m,2014/2015
12,Juventus FC,Serie A,€59.30m,62,€24.41m,61,€-34.89m,2014/2015
13,Valencia CF,LaLiga,€55.05m,23,€55.45m,25,€400k,2014/2015
14,Bayern Munich,Bundesliga,€53.40m,9,€48.70m,10,€-4.70m,2014/2015
15,FC Porto,Liga Portugal,€53.25m,30,€95.96m,27,€42.71m,2014/2015
16,Paris Saint-Germain,Ligue 1,€49.50m,9,€2.20m,8,€-47.30m,2014/2015
17,Tottenham Hotspur,Premier League,€48.48m,20,€44.15m,24,€-4.33m,2014/2015
18,Hull City,Premier League,€48.22m,30,€18.70m,28,€-29.52m,2014/2015
19,VfL Wolfsburg,Bundesliga,€45.05m,15,€6.25m,13,€-38.80m,2014/2015
20,Newcastle United,Premier League,€45.02m,23,€23.87m,25,€-21.15m,2014/2015
21,Queens Park Rangers,Premier League,€43.54m,35,€26.04m,35,€-17.50m,2014/2015
22,Swansea City,Premier League,€41.53m,24,€61.90m,27,€20.37m,2014/2015
23,Everton FC,Premier League,€40.16m,17,€1.90m,15,€-38.26m,2014/2015
24,AS Monaco,Ligue 1,€39.75m,26,€89.12m,28,€49.37m,2014/2015
25,Bayer 04 Leverkusen,Bundesliga,€39.31m,20,€18.35m,25,€-20.96m,2014/2015
26,SL Benfica,Liga Portugal,€38.65m,37,€104.65m,34,€66.00m,2014/2015
27,Hamburger SV,Bundesliga,€35.80m,20,€23.90m,19,€-11.90m,2014/2015
28,Trabzonspor,Süper Lig,€35.47m,38,€12.59m,36,€-22.88m,2014/2015
29,West Ham United,Premier League,€35.15m,25,€4.40m,26,€-30.75m,2014/2015
30,SSC Napoli,Serie A,€34.80m,40,€20.45m,39,€-14.35m,2014/2015
31,Crystal Palace,Premier League,€31.22m,41,€2.87m,39,€-28.35m,2014/2015
32,Udinese Calcio,Serie A,€29.20m,54,€25.40m,59,€-3.80m,2014/2015
33,Olympiacos Piraeus,Super League 1,€25.88m,57,€28.50m,53,€2.62m,2014/2015
34,West Bromwich Albion,Premier League,€24.88m,16,€2.30m,20,€-22.58m,2014/2015
35,UC Sampdoria,Serie A,€24.35m,57,€26.52m,52,€2.17m,2014/2015
36,RB Leipzig,2. Bundesliga,€23.35m,20,-,17,€-23.35m,2014/2015
37,Torino FC,Serie A,€23.20m,38,€33.86m,40,€10.66m,2014/2015
38,Leicester City,Premier League,€22.86m,30,-,23,€-22.86m,2014/2015
39,Zenit St. Petersburg,Premier Liga,€22.80m,9,€1.00m,8,€-21.80m,2014/2015
40,Cagliari Calcio,Serie A,€22.60m,29,€21.93m,28,€-675k,2014/2015
41,Sunderland AFC,Premier League,€22.52m,21,€7.25m,31,€-15.27m,2014/2015
42,Hellas Verona,Serie A,€22.26m,59,€31.25m,57,€8.99m,2014/2015
43,Sevilla FC,LaLiga,€20.95m,25,€50.55m,22,€29.60m,2014/2015
44,Olympique Marseille,Ligue 1,€20.50m,16,€17.50m,16,€-3.00m,2014/2015
45,Norwich City,Championship,€20.34m,26,€19.38m,27,€-963k,2014/2015
46,US Palermo,Serie A,€19.70m,41,€18.50m,41,€-1.20m,2014/2015
47,US Sassuolo,Serie A,€19.30m,29,€12.60m,31,€-6.70m,2014/2015
48,TSG 1899 Hoffenheim,Bundesliga,€19.20m,20,€14.42m,26,€-4.78m,2014/2015
49,Cardiff City,Championship,€18.77m,36,€31.75m,37,€12.98m,2014/2015
50,Villarreal CF,LaLiga,€18.70m,14,€22.50m,15,€3.80m,2014/2015
1,Manchester City,Premier League,€208.47m,22,€67.44m,25,€-141.03m,2015/2016
2,Manchester United,Premier League,€156.00m,21,€100.67m,20,€-55.33m,2015/2016
3,Juventus FC,Serie A,€153.50m,83,€81.28m,83,€-72.22m,2015/2016
4,Valencia CF,LaLiga,€143.90m,20,€50.00m,16,€-93.90m,2015/2016
5,Liverpool FC,Premier League,€126.50m,24,€90.55m,24,€-35.95m,2015/2016
6,Atlético de Madrid,LaLiga,€119.00m,22,€152.00m,23,€33.00m,2015/2016
7,Paris Saint-Germain,Ligue 1,€116.10m,9,€22.90m,11,€-93.20m,2015/2016
8,Newcastle United,Premier League,€107.91m,26,€5.43m,23,€-102.48m,2015/2016
9,Inter Milan,Serie A,€102.45m,60,€115.32m,72,€12.87m,2015/2016
10,AC Milan,Serie A,€102.28m,50,€11.16m,56,€-91.12m,2015/2016
11,AS Monaco,Ligue 1,€101.00m,30,€175.40m,29,€74.40m,2015/2016
12,Real Madrid,LaLiga,€100.40m,12,€24.15m,12,€-76.25m,2015/2016
13,Chelsea FC,Premier League,€96.50m,39,€87.49m,37,€-9.01m,2015/2016
14,Bayern Munich,Bundesliga,€90.75m,10,€33.00m,10,€-57.75m,2015/2016
15,Watford FC,Premier League,€82.80m,33,€9.75m,30,€-73.05m,2015/2016
16,Tottenham Hotspur,Premier League,€71.00m,11,€87.25m,21,€16.25m,2015/2016
17,VfL Wolfsburg,Bundesliga,€68.10m,13,€111.30m,12,€43.20m,2015/2016
18,Aston Villa,Premier League,€66.55m,29,€64.70m,32,€-1.85m,2015/2016
19,Sunderland AFC,Premier League,€66.05m,29,€11.00m,25,€-55.05m,2015/2016
20,AS Roma,Serie A,€60.85m,61,€102.25m,61,€41.40m,2015/2016
21,Southampton FC,Premier League,€60.10m,16,€52.70m,17,€-7.40m,2015/2016
22,Bayer 04 Leverkusen,Bundesliga,€58.00m,23,€63.25m,18,€5.25m,2015/2016
23,AFC Bournemouth,Premier League,€55.11m,36,€650k,33,€-54.46m,2015/2016
24,Stoke City,Premier League,€53.65m,13,€23.20m,14,€-30.45m,2015/2016
25,West Ham United,Premier League,€52.70m,25,€18.52m,26,€-34.19m,2015/2016
26,FC Porto,Liga Portugal,€52.00m,36,€148.15m,39,€96.15m,2015/2016
27,FC Barcelona,LaLiga,€51.00m,11,€38.30m,10,€-12.70m,2015/2016
28,Norwich City,Premier League,€50.50m,33,€21.49m,30,€-29.01m,2015/2016
29,Leicester City,Premier League,€49.90m,25,€9.45m,32,€-40.45m,2015/2016
30,Everton FC,Premier League,€48.20m,18,€11.00m,17,€-37.20m,2015/2016
31,Villarreal CF,LaLiga,€47.20m,19,€37.56m,18,€-9.64m,2015/2016
32,Sevilla FC,LaLiga,€44.00m,23,€61.45m,21,€17.45m,2015/2016
33,West Bromwich Albion,Premier League,€42.90m,12,€12.92m,13,€-29.98m,2015/2016
34,SSC Napoli,Serie A,€42.70m,34,€18.29m,36,€-24.41m,2015/2016
35,Fenerbahce,Süper Lig,€42.68m,21,€20.65m,18,€-22.03m,2015/2016
36,Olympique Lyon,Ligue 1,€41.10m,11,€26.80m,13,€-14.30m,2015/2016
37,Borussia Mönchengladbach,Bundesliga,€38.00m,11,€15.70m,10,€-22.30m,2015/2016
38,FC Schalke 04,Bundesliga,€37.10m,16,€57.20m,17,€20.10m,2015/2016
39,SL Benfica,Liga Portugal,€35.35m,35,€104.30m,35,€68.95m,2015/2016
40,UC Sampdoria,Serie A,€34.67m,59,€16.82m,59,€-17.85m,2015/2016
41,Derby County,Championship,€34.06m,24,-,21,€-34.06m,2015/2016
42,Middlesbrough FC,Championship,€33.40m,28,€7.10m,30,€-26.30m,2015/2016
43,SS Lazio,Serie A,€31.25m,35,€2.37m,37,€-28.88m,2015/2016
44,US Sassuolo,Serie A,€30.70m,21,€25.00m,28,€-5.70m,2015/2016
45,Crystal Palace,Premier League,€28.80m,19,€5.40m,23,€-23.40m,2015/2016
46,Torino FC,Serie A,€28.05m,42,€19.75m,43,€-8.30m,2015/2016
47,Atalanta BC,Serie A,€26.68m,74,€37.95m,73,€11.27m,2015/2016
48,Bologna FC 1909,Serie A,€26.63m,45,€800k,45,€-25.83m,2015/2016
49,Arsenal FC,Premier League,€26.50m,15,€2.50m,12,€-24.00m,2015/2016
50,Real Sociedad,LaLiga,€26.10m,17,€1.00m,15,€-25.10m,2015/2016
1,Manchester City,Premier League,€216.25m,31,€35.35m,25,€-180.90m,2016/2017
2,Juventus FC,Serie A,€202.23m,80,€176.93m,82,€-25.30m,2016/2017
3,Manchester United,Premier League,€185.00m,8,€47.25m,13,€-137.75m,2016/2017
4,Inter Milan,Serie A,€164.63m,60,€18.50m,56,€-146.13m,2016/2017
5,Borussia Dortmund,Bundesliga,€141.10m,12,€111.00m,8,€-30.10m,2016/2017
6,Paris Saint-Germain,Ligue 1,€134.50m,16,€59.80m,15,€-74.70m,2016/2017
7,Chelsea FC,Premier League,€132.80m,27,€108.90m,30,€-23.90m,2016/2017
8,FC Barcelona,LaLiga,€124.75m,11,€33.80m,13,€-90.95m,2016/2017
9,Arsenal FC,Premier League,€113.00m,11,€10.35m,12,€-102.65m,2016/2017
10,AS Roma,Serie A,€102.50m,55,€76.43m,61,€-26.07m,2016/2017
11,Crystal Palace,Premier League,€101.20m,22,€50.20m,24,€-51.00m,2016/2017
12,SSC Napoli,Serie A,€99.09m,39,€116.81m,38,€17.72m,2016/2017
13,RB Leipzig,Bundesliga,€95.95m,12,€100k,14,€-95.85m,2016/2017
14,Leicester City,Premier League,€92.10m,17,€66.05m,18,€-26.05m,2016/2017
15,Everton FC,Premier League,€86.00m,18,€60.80m,19,€-25.20m,2016/2017
16,Aston Villa,Championship,€85.50m,22,€45.80m,25,€-39.70m,2016/2017
17,West Ham United,Premier League,€83.50m,22,€41.00m,15,€-42.50m,2016/2017
18,Tottenham Hotspur,Premier League,€83.50m,8,€52.30m,8,€-31.20m,2016/2017
19,Sevilla FC,LaLiga,€81.70m,17,€93.45m,19,€11.75m,2016/2017
20,VfL Wolfsburg,Bundesliga,€81.05m,20,€94.45m,19,€13.40m,2016/2017
21,Liverpool FC,Premier League,€79.90m,21,€85.38m,19,€5.48m,2016/2017
22,Atlético de Madrid,LaLiga,€78.80m,22,€44.00m,21,€-34.80m,2016/2017
23,Watford FC,Premier League,€70.45m,29,€58.10m,32,€-12.35m,2016/2017
24,Bayern Munich,Bundesliga,€70.00m,5,€52.30m,8,€-17.70m,2016/2017
25,Southampton FC,Premier League,€68.90m,12,€85.05m,9,€16.15m,2016/2017
26,Newcastle United,Championship,€64.25m,24,€100.88m,26,€36.63m,2016/2017
27,Bayer 04 Leverkusen,Bundesliga,€63.30m,19,€23.70m,19,€-39.60m,2016/2017
28,Swansea City,Premier League,€58.10m,21,€49.30m,17,€-8.80m,2016/2017
29,Villarreal CF,LaLiga,€55.95m,23,€67.25m,22,€11.30m,2016/2017
30,Olympique Marseille,Ligue 1,€53.00m,26,€81.49m,25,€28.49m,2016/2017
31,AS Monaco,Ligue 1,€50.50m,25,€18.45m,29,€-32.05m,2016/2017
32,Middlesbrough FC,Premier League,€47.95m,18,€13.50m,19,€-34.45m,2016/2017
33,Burnley FC,Premier League,€45.60m,27,€1.20m,26,€-44.40m,2016/2017
34,Hamburger SV,Bundesliga,€43.95m,18,€8.75m,17,€-35.20m,2016/2017
35,SL Benfica,Liga Portugal,€43.77m,38,€124.75m,41,€80.98m,2016/2017
36,FC Schalke 04,Bundesliga,€43.30m,19,€61.30m,15,€18.00m,2016/2017
37,Stoke City,Premier League,€42.17m,14,€3.80m,13,€-38.37m,2016/2017
38,Sunderland AFC,Premier League,€41.90m,25,€23.77m,23,€-18.13m,2016/2017
39,Ajax Amsterdam,Eredivisie,€41.40m,18,€80.30m,16,€38.90m,2016/2017
40,Borussia Mönchengladbach,Bundesliga,€41.25m,14,€45.10m,10,€3.85m,2016/2017
41,AFC Bournemouth,Premier League,€40.69m,19,€23.69m,30,€-17.00m,2016/2017
42,FC Porto,Liga Portugal,€40.65m,35,€15.06m,38,€-25.59m,2016/2017
43,Hull City,Premier League,€40.00m,26,€28.90m,16,€-11.10m,2016/2017
44,Rubin Kazan,Premier Liga,€39.69m,29,€7.30m,26,€-32.39m,2016/2017
45,UC Sampdoria,Serie A,€39.65m,52,€80.70m,54,€41.05m,2016/2017
46,West Bromwich Albion,Premier League,€37.90m,13,€26.98m,14,€-10.93m,2016/2017
47,Wolverhampton Wanderers,Championship,€36.10m,30,€2.99m,25,€-33.11m,2016/2017
48,Valencia CF,LaLiga,€36.00m,16,€121.90m,18,€85.90m,2016/2017
49,Sporting CP,Liga Portugal,€34.80m,28,€87.23m,32,€52.43m,2016/2017
50,SS Lazio,Serie A,€32.70m,28,€28.70m,36,€-4.00m,2016/2017
1,FC Barcelona,LaLiga,€375.10m,13,€232.50m,12,€-142.60m,2017/2018
2,Manchester City,Premier League,€317.50m,31,€91.35m,32,€-226.15m,2017/2018
3,Chelsea FC,Premier League,€260.50m,40,€194.60m,31,€-65.90m,2017/2018
4,Paris Saint-Germain,Ligue 1,€238.00m,11,€98.40m,14,€-139.60m,2017/2018
5,Everton FC,Premier League,€203.20m,23,€126.38m,20,€-76.82m,2017/2018
6,Manchester United,Premier League,€198.40m,12,€45.50m,10,€-152.90m,2017/2018
7,AC Milan,Serie A,€186.48m,35,€39.70m,34,€-146.78m,2017/2018
8,Juventus FC,Serie A,€177.60m,69,€145.65m,70,€-31.95m,2017/2018
9,Liverpool FC,Premier League,€173.65m,13,€184.50m,15,€10.85m,2017/2018
10,Arsenal FC,Premier League,€152.85m,10,€162.00m,16,€9.15m,2017/2018
11,Inter Milan,Serie A,€137.63m,58,€79.24m,66,€-58.39m,2017/2018
12,Borussia Dortmund,Bundesliga,€122.59m,15,€270.95m,15,€148.36m,2017/2018
13,AS Monaco,Ligue 1,€122.40m,25,€199.50m,23,€77.10m,2017/2018
14,Tottenham Hotspur,Premier League,€121.00m,15,€103.80m,12,€-17.20m,2017/2018
15,Bayern Munich,Bundesliga,€116.50m,14,€32.25m,11,€-84.25m,2017/2018
16,Atlético de Madrid,LaLiga,€95.60m,17,€104.00m,21,€8.40m,2017/2018
17,Zenit St. Petersburg,Premier Liga,€95.00m,17,€16.72m,20,€-78.28m,2017/2018
18,AS Roma,Serie A,€91.30m,59,€166.10m,59,€74.80m,2017/2018
19,Leicester City,Premier League,€83.85m,14,€50.10m,13,€-33.75m,2017/2018
20,ACF Fiorentina,Serie A,€79.50m,45,€93.58m,42,€14.08m,2017/2018
21,Sevilla FC,LaLiga,€78.05m,17,€81.60m,15,€3.55m,2017/2018
22,LOSC Lille,Ligue 1,€76.50m,31,€31.10m,30,€-45.40m,2017/2018
23,Watford FC,Premier League,€73.40m,32,€18.74m,30,€-54.66m,2017/2018
24,Swansea City,Premier League,€73.39m,21,€81.10m,24,€7.72m,2017/2018
25,VfL Wolfsburg,Bundesliga,€72.75m,20,€36.00m,21,€-36.75m,2017/2018
26,Brighton & Hove Albion,Premier League,€70.00m,23,€400k,22,€-69.60m,2017/2018
27,SSC Napoli,Serie A,€68.00m,34,€17.45m,33,€-50.55m,2017/2018
28,Atalanta BC,Serie A,€66.59m,77,€78.04m,80,€11.45m,2017/2018
29,RB Leipzig,Bundesliga,€63.50m,16,€24.54m,14,€-38.96m,2017/2018
30,Olympique Marseille,Ligue 1,€62.00m,17,€2.75m,21,€-59.25m,2017/2018
31,Southampton FC,Premier League,€61.25m,12,€98.35m,14,€37.10m,2017/2018
32,Olympique Lyon,Ligue 1,€58.05m,20,€119.55m,20,€61.50m,2017/2018
33,Stoke City,Premier League,€57.70m,18,€35.14m,17,€-22.56m,2017/2018
34,West Ham United,Premier League,€56.80m,15,€64.02m,25,€7.22m,2017/2018
35,Huddersfield Town,Premier League,€56.75m,22,€6.46m,16,€-50.30m,2017/2018
36,Crystal Palace,Premier League,€55.95m,15,€3.00m,18,€-52.95m,2017/2018
37,Middlesbrough FC,Championship,€55.65m,26,€54.30m,29,€-1.35m,2017/2018
38,Valencia CF,LaLiga,€55.00m,23,€16.55m,23,€-38.45m,2017/2018
39,West Bromwich Albion,Premier League,€53.50m,17,€2.05m,11,€-51.45m,2017/2018
40,Bayer 04 Leverkusen,Bundesliga,€51.00m,14,€91.10m,18,€40.10m,2017/2018
41,UC Sampdoria,Serie A,€51.00m,41,€71.46m,43,€20.46m,2017/2018
42,FC Schalke 04,Bundesliga,€49.30m,18,€7.10m,24,€-42.20m,2017/2018
43,Stade Rennais FC,Ligue 1,€48.90m,19,€15.80m,22,€-33.10m,2017/2018
44,Sporting CP,Liga Portugal,€47.91m,39,€49.80m,35,€1.89m,2017/2018
45,US Sassuolo,Serie A,€46.70m,33,€19.25m,33,€-27.45m,2017/2018
46,Newcastle United,Premier League,€46.50m,27,€21.22m,29,€-25.28m,2017/2018
47,Villarreal CF,LaLiga,€46.10m,17,€68.00m,15,€21.90m,2017/2018
48,Galatasaray,Süper Lig,€44.80m,22,€36.71m,23,€-8.09m,2017/2018
49,Real Madrid,LaLiga,€40.50m,9,€132.50m,10,€92.00m,2017/2018
50,1.FC Köln,Bundesliga,€40.00m,10,€7.45m,5,€-32.55m,2017/2018
1,Juventus FC,Serie A,€263.20m,41,€112.54m,35,€-150.66m,2018/2019
2,Paris Saint-Germain,Ligue 1,€262.00m,21,€114.00m,18,€-148.00m,2018/2019
3,Chelsea FC,Premier League,€208.80m,30,€83.25m,31,€-125.55m,2018/2019
4,AC Milan,Serie A,€194.64m,26,€88.10m,28,€-106.54m,2018/2019
5,Liverpool FC,Premier League,€182.20m,18,€41.32m,21,€-140.88m,2018/2019
6,Atlético de Madrid,LaLiga,€168.00m,22,€57.90m,19,€-110.10m,2018/2019
7,AS Roma,Serie A,€166.35m,45,€150.47m,46,€-15.88m,2018/2019
8,Real Madrid,LaLiga,€164.75m,16,€136.10m,14,€-28.65m,2018/2019
9,AS Monaco,Ligue 1,€145.85m,37,€367.25m,29,€221.40m,2018/2019
10,FC Barcelona,LaLiga,€141.10m,19,€146.05m,19,€4.95m,2018/2019
11,Valencia CF,LaLiga,€129.20m,22,€68.80m,22,€-60.40m,2018/2019
12,Fulham FC,Premier League,€116.50m,18,€5.35m,11,€-111.15m,2018/2019
13,Leicester City,Premier League,€114.60m,16,€95.80m,18,€-18.80m,2018/2019
14,Wolverhampton Wanderers,Premier League,€112.75m,35,€23.30m,46,€-89.45m,2018/2019
15,West Ham United,Premier League,€100.90m,18,€13.77m,13,€-87.14m,2018/2019
16,Everton FC,Premier League,€99.80m,19,€28.65m,23,€-71.15m,2018/2019
17,Inter Milan,Serie A,€97.60m,51,€91.17m,54,€-6.43m,2018/2019
18,Villarreal CF,LaLiga,€92.90m,24,€54.80m,24,€-38.10m,2018/2019
19,AFC Bournemouth,Premier League,€91.60m,14,€20.20m,16,€-71.40m,2018/2019
20,Brighton & Hove Albion,Premier League,€90.62m,28,€13.62m,29,€-77.00m,2018/2019
21,Borussia Dortmund,Bundesliga,€90.50m,14,€114.20m,17,€23.70m,2018/2019
22,Manchester United,Premier League,€82.70m,10,€30.55m,10,€-52.15m,2018/2019
23,Sevilla FC,LaLiga,€81.05m,20,€93.80m,22,€12.75m,2018/2019
24,Arsenal FC,Premier League,€80.15m,17,€9.10m,12,€-71.05m,2018/2019
25,Manchester City,Premier League,€78.59m,19,€57.60m,22,€-20.99m,2018/2019
26,SSC Napoli,Serie A,€71.00m,31,€100.80m,35,€29.80m,2018/2019
27,Olympique Marseille,Ligue 1,€66.00m,13,€32.85m,10,€-33.15m,2018/2019
28,RB Leipzig,Bundesliga,€65.63m,19,€72.75m,17,€7.12m,2018/2019
29,Stoke City,Championship,€62.90m,22,€30.15m,25,€-32.75m,2018/2019
30,Southampton FC,Premier League,€62.25m,16,€26.10m,18,€-36.15m,2018/2019
31,FC Schalke 04,Bundesliga,€62.20m,18,€46.15m,15,€-16.05m,2018/2019
32,Atalanta BC,Serie A,€60.80m,77,€25.06m,80,€-35.74m,2018/2019
33,ACF Fiorentina,Serie A,€60.77m,42,€43.39m,43,€-17.38m,2018/2019
34,Newcastle United,Premier League,€59.75m,22,€51.05m,23,€-8.70m,2018/2019
35,Genoa CFC,Serie A,€59.07m,69,€84.36m,71,€25.29m,2018/2019
36,UC Sampdoria,Serie A,€56.70m,45,€90.12m,44,€33.42m,2018/2019
37,US Sassuolo,Serie A,€53.97m,42,€50.38m,40,€-3.59m,2018/2019
38,Torino FC,Serie A,€53.15m,48,€17.20m,48,€-35.95m,2018/2019
39,Ajax Amsterdam,Eredivisie,€52.95m,10,€19.25m,12,€-33.70m,2018/2019
40,Udinese Calcio,Serie A,€52.90m,44,€13.53m,43,€-39.37m,2018/2019
41,SS Lazio,Serie A,€51.28m,27,€38.60m,30,€-12.68m,2018/2019
42,Cardiff City,Premier League,€51.20m,18,-,18,€-51.20m,2018/2019
43,Huddersfield Town,Premier League,€50.70m,14,€12.33m,16,€-38.37m,2018/2019
44,Real Betis Balompié,LaLiga,€47.00m,19,€49.30m,20,€2.30m,2018/2019
45,Olympique Lyon,Ligue 1,€46.45m,18,€90.10m,17,€43.65m,2018/2019
46,VfB Stuttgart,Bundesliga,€45.76m,18,€13.25m,17,€-32.51m,2018/2019
47,Shakhtar Donetsk,Premier Liga,€41.70m,21,€69.00m,22,€27.30m,2018/2019
48,FC Porto,Liga Portugal,€40.06m,33,€72.55m,35,€32.49m,2018/2019
49,Zenit St. Petersburg,Premier Liga,€37.00m,18,€41.00m,15,€4.00m,2018/2019
50,VfL Wolfsburg,Bundesliga,€36.00m,14,€800k,14,€-35.20m,2018/2019
1,Real Madrid,LaLiga,€355.50m,23,€136.80m,22,€-218.70m,2019/2020
2,FC Barcelona,LaLiga,€303.00m,22,€154.40m,23,€-148.60m,2019/2020
3,Atlético de Madrid,LaLiga,€247.35m,20,€316.30m,19,€68.95m,2019/2020
4,Manchester United,Premier League,€236.80m,13,€81.18m,12,€-155.62m,2019/2020
5,Juventus FC,Serie A,€233.30m,23,€203.14m,24,€-30.16m,2019/2020
6,SSC Napoli,Serie A,€208.02m,47,€48.72m,43,€-159.30m,2019/2020
7,AS Monaco,Ligue 1,€200.00m,33,€83.75m,39,€-116.25m,2019/2020
8,Sevilla FC,LaLiga,€188.73m,30,€131.40m,33,€-57.33m,2019/2020
9,Inter Milan,Serie A,€185.72m,51,€66.74m,48,€-118.98m,2019/2020
10,Manchester City,Premier League,€169.82m,25,€71.00m,26,€-98.82m,2019/2020
11,Arsenal FC,Premier League,€160.80m,16,€53.65m,19,€-107.15m,2019/2020
12,Aston Villa,Premier League,€159.50m,22,€3.00m,22,€-156.50m,2019/2020
13,Tottenham Hotspur,Premier League,€150.50m,12,€64.50m,14,€-86.00m,2019/2020
14,Borussia Dortmund,Bundesliga,€148.50m,17,€132.25m,16,€-16.25m,2019/2020
15,AC Milan,Serie A,€144.08m,25,€59.23m,28,€-84.85m,2019/2020
16,Bayern Munich,Bundesliga,€139.50m,10,€54.00m,8,€-85.50m,2019/2020
17,Olympique Lyon,Ligue 1,€126.00m,16,€160.32m,14,€34.32m,2019/2020
18,Everton FC,Premier League,€121.00m,22,€87.80m,22,€-33.20m,2019/2020
19,West Ham United,Premier League,€119.80m,10,€55.48m,17,€-64.32m,2019/2020
20,AS Roma,Serie A,€117.40m,39,€107.18m,37,€-10.23m,2019/2020
21,Wolverhampton Wanderers,Premier League,€116.70m,28,€24.10m,26,€-92.60m,2019/2020
22,Hertha BSC,Bundesliga,€110.70m,15,€23.45m,16,€-87.26m,2019/2020
23,Leicester City,Premier League,€104.30m,13,€88.50m,13,€-15.80m,2019/2020
24,LOSC Lille,Ligue 1,€99.40m,18,€171.00m,18,€71.60m,2019/2020
25,Bayer 04 Leverkusen,Bundesliga,€98.20m,9,€33.50m,10,€-64.70m,2019/2020
26,Real Betis Balompié,LaLiga,€96.45m,21,€72.00m,19,€-24.45m,2019/2020
27,Paris Saint-Germain,Ligue 1,€95.00m,21,€112.40m,18,€17.40m,2019/2020
28,RB Leipzig,Bundesliga,€93.00m,15,€45.25m,13,€-47.75m,2019/2020
29,Eintracht Frankfurt,Bundesliga,€82.64m,23,€114.80m,26,€32.17m,2019/2020
30,Valencia CF,LaLiga,€75.00m,24,€56.30m,21,€-18.70m,2019/2020
31,Newcastle United,Premier League,€72.90m,13,€35.64m,11,€-37.26m,2019/2020
32,Sheffield United,Premier League,€72.50m,23,€350k,21,€-72.15m,2019/2020
33,Zenit St. Petersburg,Premier Liga,€70.20m,17,€19.45m,22,€-50.75m,2019/2020
34,Bologna FC 1909,Serie A,€69.54m,39,€28.68m,42,€-40.86m,2019/2020
35,US Sassuolo,Serie A,€66.62m,53,€51.95m,52,€-14.66m,2019/2020
36,UC Sampdoria,Serie A,€65.25m,49,€74.59m,45,€9.34m,2019/2020
37,SL Benfica,Liga Portugal,€64.75m,22,€240.04m,25,€175.29m,2019/2020
38,FC Porto,Liga Portugal,€63.25m,27,€88.00m,26,€24.76m,2019/2020
39,Brighton & Hove Albion,Premier League,€61.74m,25,€8.50m,30,€-53.24m,2019/2020
40,RCD Espanyol Barcelona,LaLiga,€61.50m,18,€61.00m,15,€-500k,2019/2020
41,Southampton FC,Premier League,€61.50m,14,€27.30m,17,€-34.20m,2019/2020
42,Atalanta BC,Serie A,€60.06m,79,€107.10m,78,€47.04m,2019/2020
43,Ajax Amsterdam,Eredivisie,€59.25m,20,€218.20m,17,€158.95m,2019/2020
44,Stade Rennais FC,Ligue 1,€58.10m,22,€54.50m,22,€-3.60m,2019/2020
45,ACF Fiorentina,Serie A,€56.54m,49,€15.32m,47,€-41.22m,2019/2020
46,Watford FC,Premier League,€56.00m,21,€25.40m,21,€-30.60m,2019/2020
47,TSG 1899 Hoffenheim,Bundesliga,€55.85m,23,€121.40m,23,€65.55m,2019/2020
48,AFC Bournemouth,Premier League,€54.91m,13,€34.63m,12,€-20.29m,2019/2020
49,OGC Nice,Ligue 1,€52.20m,15,€23.11m,16,€-29.09m,2019/2020
50,Genoa CFC,Serie A,€50.37m,74,€59.35m,75,€8.98m,2019/2020
1,Chelsea FC,Premier League,€247.20m,31,€57.15m,26,€-190.05m,2020/2021
2,Manchester City,Premier League,€173.40m,28,€64.00m,27,€-109.40m,2020/2021
3,Juventus FC,Serie A,€162.81m,20,€110.31m,20,€-52.50m,2020/2021
4,Leeds United,Premier League,€127.80m,16,-,17,€-127.80m,2020/2021
5,Inter Milan,Serie A,€126.50m,35,€82.95m,41,€-43.55m,2020/2021
6,SL Benfica,Liga Portugal,€115.00m,28,€81.72m,27,€-33.28m,2020/2021
7,FC Barcelona,LaLiga,€111.94m,18,€154.40m,15,€42.46m,2020/2021
8,Tottenham Hotspur,Premier League,€110.50m,15,€13.30m,11,€-97.20m,2020/2021
9,Parma Calcio 1913,Serie A,€102.33m,58,€4.00m,51,€-98.33m,2020/2021
10,Aston Villa,Premier League,€101.35m,12,€2.77m,15,€-98.58m,2020/2021
11,Atlético de Madrid,LaLiga,€92.00m,14,€83.30m,15,€-8.70m,2020/2021
12,Wolverhampton Wanderers,Premier League,€87.59m,21,€79.20m,24,€-8.39m,2020/2021
13,Arsenal FC,Premier League,€86.00m,16,€19.15m,16,€-66.85m,2020/2021
14,Liverpool FC,Premier League,€84.05m,16,€17.20m,13,€-66.85m,2020/2021
15,Manchester United,Premier League,€83.80m,18,€19.50m,17,€-64.30m,2020/2021
16,SSC Napoli,Serie A,€77.25m,37,€123.06m,38,€45.81m,2020/2021
17,Everton FC,Premier League,€74.37m,20,€4.43m,20,€-69.95m,2020/2021
18,Sevilla FC,LaLiga,€74.35m,22,€19.68m,19,€-54.67m,2020/2021
19,AS Roma,Serie A,€72.10m,33,€49.00m,32,€-23.10m,2020/2021
20,RB Leipzig,Bundesliga,€72.00m,11,€77.50m,13,€5.50m,2020/2021
21,Stade Rennais FC,Ligue 1,€70.56m,16,€55.42m,22,€-15.14m,2020/2021
22,Bayern Munich,Bundesliga,€66.00m,12,€22.25m,13,€-43.75m,2020/2021
23,Genoa CFC,Serie A,€65.18m,58,€71.79m,61,€6.61m,2020/2021
24,Ajax Amsterdam,Eredivisie,€63.20m,12,€109.50m,15,€46.30m,2020/2021
25,Sheffield United,Premier League,€62.70m,16,-,19,€-62.70m,2020/2021
26,Atalanta BC,Serie A,€62.04m,61,€75.40m,59,€13.37m,2020/2021
27,Paris Saint-Germain,Ligue 1,€62.00m,15,€400k,16,€-61.60m,2020/2021
28,ACF Fiorentina,Serie A,€59.80m,44,€59.89m,44,€90k,2020/2021
29,Leicester City,Premier League,€59.40m,19,€53.77m,18,€-5.63m,2020/2021
30,Borussia Dortmund,Bundesliga,€55.15m,12,€5.50m,10,€-49.65m,2020/2021
31,West Ham United,Premier League,€54.70m,16,€45.41m,17,€-9.29m,2020/2021
32,AS Monaco,Ligue 1,€52.70m,32,€13.53m,32,€-39.17m,2020/2021
33,Brighton & Hove Albion,Premier League,€50.10m,28,€20.60m,22,€-29.50m,2020/2021
34,Torino FC,Serie A,€46.70m,34,€27.00m,30,€-19.70m,2020/2021
35,Bayer 04 Leverkusen,Bundesliga,€46.20m,13,€91.00m,7,€44.80m,2020/2021
36,SS Lazio,Serie A,€42.70m,27,€7.85m,28,€-34.85m,2020/2021
37,Sporting CP,Liga Portugal,€42.45m,31,€51.38m,31,€8.93m,2020/2021
38,West Bromwich Albion,Premier League,€42.14m,23,€8.10m,22,€-34.04m,2020/2021
39,LOSC Lille,Ligue 1,€40.43m,15,€104.18m,14,€63.75m,2020/2021
40,Newcastle United,Premier League,€38.75m,10,€275k,15,€-38.48m,2020/2021
41,Southampton FC,Premier League,€37.30m,23,€26.30m,18,€-11.00m,2020/2021
42,Fulham FC,Premier League,€37.25m,23,-,19,€-37.25m,2020/2021
43,Olympique Lyon,Ligue 1,€37.04m,14,€50.60m,21,€13.56m,2020/2021
44,Villarreal CF,LaLiga,€36.50m,24,€26.65m,20,€-9.85m,2020/2021
45,Cagliari Calcio,Serie A,€34.18m,31,€42.66m,33,€8.48m,2020/2021
46,Zenit St. Petersburg,Premier Liga,€32.50m,11,€7.77m,13,€-24.74m,2020/2021
47,CSKA Moscow,Premier Liga,€32.00m,15,€1.25m,13,€-30.75m,2020/2021
48,AC Milan,Serie A,€31.92m,28,€52.09m,26,€20.17m,2020/2021
49,Hertha BSC,Bundesliga,€31.25m,18,€10.45m,18,€-20.80m,2020/2021
50,US Sassuolo,Serie A,€29.66m,37,€62.36m,40,€32.70m,2020/2021
1,Arsenal FC,Premier League,€167.40m,13,€31.40m,20,€-136.00m,2021/2022
2,Manchester United,Premier League,€142.00m,16,€31.10m,14,€-110.90m,2021/2022
3,Manchester City,Premier League,€138.90m,21,€93.80m,24,€-45.10m,2021/2022
4,Juventus FC,Serie A,€138.38m,20,€64.03m,18,€-74.35m,2021/2022
5,AS Roma,Serie A,€130.65m,38,€17.24m,39,€-113.42m,2021/2022
6,Newcastle United,Premier League,€130.50m,12,-,10,€-130.50m,2021/2022
7,Aston Villa,Premier League,€129.80m,22,€127.00m,18,€-2.80m,2021/2022
8,RB Leipzig,Bundesliga,€125.62m,18,€113.50m,20,€-12.12m,2021/2022
9,Chelsea FC,Premier League,€118.00m,21,€148.94m,23,€30.94m,2021/2022
10,Tottenham Hotspur,Premier League,€95.90m,14,€34.62m,19,€-61.28m,2021/2022
11,AC Milan,Serie A,€93.11m,28,€5.12m,27,€-87.99m,2021/2022
12,Paris Saint-Germain,Ligue 1,€91.00m,24,€11.00m,18,€-80.00m,2021/2022
13,Liverpool FC,Premier League,€87.00m,14,€29.55m,12,€-57.45m,2021/2022
14,Atlético de Madrid,LaLiga,€85.70m,19,€22.75m,19,€-62.95m,2021/2022
15,Crystal Palace,Premier League,€85.62m,13,-,16,€-85.62m,2021/2022
16,VfL Wolfsburg,Bundesliga,€83.18m,25,€22.70m,22,€-60.48m,2021/2022
17,Stade Rennais FC,Ligue 1,€81.50m,23,€49.90m,20,€-31.60m,2021/2022
18,Brighton & Hove Albion,Premier League,€75.00m,26,€78.80m,29,€3.80m,2021/2022
19,West Ham United,Premier League,€74.50m,10,€4.24m,8,€-70.27m,2021/2022
20,FC Barcelona,LaLiga,€69.50m,19,€70.76m,17,€1.26m,2021/2022
21,Leicester City,Premier League,€67.60m,11,€4.00m,11,€-63.60m,2021/2022
22,ACF Fiorentina,Serie A,€67.25m,43,€114.10m,44,€46.85m,2021/2022
23,Atalanta BC,Serie A,€65.20m,68,€51.99m,67,€-13.21m,2021/2022
24,Norwich City,Premier League,€63.55m,32,€38.40m,31,€-25.15m,2021/2022
25,Southampton FC,Premier League,€63.40m,10,€60.35m,14,€-3.05m,2021/2022
26,Leeds United,Premier League,€59.30m,13,-,14,€-59.30m,2021/2022
27,Shakhtar Donetsk,Premier Liga,€58.00m,31,€9.20m,35,€-48.80m,2021/2022
28,Bayern Munich,Bundesliga,€57.50m,15,€2.30m,13,€-55.20m,2021/2022
29,Bayer 04 Leverkusen,Bundesliga,€55.35m,12,€43.34m,16,€-12.01m,2021/2022
30,OGC Nice,Ligue 1,€55.00m,22,€26.05m,23,€-28.95m,2021/2022
31,Villarreal CF,LaLiga,€54.50m,20,€10.34m,23,€-44.16m,2021/2022
32,Club Brugge KV,Jupiler Pro League,€54.13m,25,€32.28m,23,€-21.85m,2021/2022
33,Olympique Marseille,Ligue 1,€54.12m,21,€8.00m,21,€-46.12m,2021/2022
34,Zenit St. Petersburg,Premier Liga,€49.40m,11,€10.60m,10,€-38.80m,2021/2022
35,Burnley FC,Premier League,€49.40m,8,€40.50m,6,€-8.90m,2021/2022
36,AS Monaco,Ligue 1,€45.50m,22,€34.64m,24,€-10.86m,2021/2022
37,Borussia Dortmund,Bundesliga,€45.00m,10,€109.50m,9,€64.50m,2021/2022
38,Watford FC,Premier League,€43.50m,31,€12.85m,29,€-30.65m,2021/2022
39,Lokomotiv Moscow,Premier Liga,€43.18m,21,€10.49m,20,€-32.69m,2021/2022
40,FK Krasnodar,Premier Liga,€42.59m,21,€5.65m,21,€-36.94m,2021/2022
41,Inter Milan,Serie A,€42.55m,34,€205.05m,35,€162.50m,2021/2022
42,Hellas Verona,Serie A,€42.27m,37,€37.52m,42,€-4.76m,2021/2022
43,Sevilla FC,LaLiga,€41.50m,17,€28.50m,17,€-13.00m,2021/2022
44,Genoa CFC,Serie A,€41.24m,73,€19.26m,66,€-21.98m,2021/2022
45,US Sassuolo,Serie A,€40.12m,49,€22.80m,46,€-17.33m,2021/2022
46,Everton FC,Premier League,€39.50m,14,€46.00m,15,€6.50m,2021/2022
47,Brentford FC,Premier League,€38.20m,19,€1.00m,15,€-37.20m,2021/2022
48,Wolverhampton Wanderers,Premier League,€37.60m,26,€31.80m,22,€-5.80m,2021/2022
49,FC Porto,Liga Portugal,€36.17m,17,€72.25m,19,€36.08m,2021/2022
50,Parma Calcio 1913,Serie B,€33.12m,55,€11.62m,56,€-21.50m,2021/2022
1,Chelsea FC,Premier League,€611.49m,24,€67.86m,23,€-543.63m,2022/2023
2,Manchester United,Premier League,€243.28m,25,€23.65m,20,€-219.63m,2022/2023
3,Nottingham Forest,Premier League,€195.25m,42,€5.00m,26,€-190.25m,2022/2023
4,West Ham United,Premier League,€186.50m,12,€21.55m,13,€-164.95m,2022/2023
5,Arsenal FC,Premier League,€186.40m,25,€23.80m,18,€-162.60m,2022/2023
6,Newcastle United,Premier League,€185.35m,17,€14.06m,13,€-171.29m,2022/2023
7,Tottenham Hotspur,Premier League,€177.90m,15,€38.75m,14,€-139.15m,2022/2023
8,Wolverhampton Wanderers,Premier League,€177.11m,32,€62.87m,28,€-114.24m,2022/2023
9,FC Barcelona,LaLiga,€158.00m,16,€39.50m,22,€-118.50m,2022/2023
10,Manchester City,Premier League,€155.00m,29,€162.17m,24,€7.17m,2022/2023
11,Southampton FC,Premier League,€152.11m,21,€5.50m,14,€-146.61m,2022/2023
12,Leeds United,Premier League,€151.39m,25,€114.50m,19,€-36.89m,2022/2023
13,Paris Saint-Germain,Ligue 1,€147.50m,27,€61.80m,34,€-85.70m,2022/2023
14,Bayern Munich,Bundesliga,€146.50m,17,€104.10m,16,€-42.40m,2022/2023
15,Liverpool FC,Premier League,€142.30m,8,€80.70m,11,€-61.60m,2022/2023
16,Olympique Marseille,Ligue 1,€119.85m,26,€37.48m,28,€-82.38m,2022/2023
17,Juventus FC,Serie A,€117.70m,25,€111.60m,24,€-6.10m,2022/2023
18,SL Benfica,Liga Portugal,€114.05m,34,€276.22m,39,€162.17m,2022/2023
19,Ajax Amsterdam,Eredivisie,€113.10m,20,€216.62m,22,€103.52m,2022/2023
20,Borussia Dortmund,Bundesliga,€104.60m,12,€82.00m,11,€-22.60m,2022/2023
21,Atalanta BC,Serie A,€103.50m,78,€134.45m,79,€30.95m,2022/2023
22,Aston Villa,Premier League,€100.14m,23,€54.00m,22,€-46.14m,2022/2023
23,Stade Rennais FC,Ligue 1,€84.00m,22,€95.00m,20,€11.00m,2022/2023
24,AFC Bournemouth,Premier League,€83.10m,17,-,13,€-83.10m,2022/2023
25,OGC Nice,Ligue 1,€83.00m,29,€49.20m,28,€-33.80m,2022/2023
26,Real Madrid,LaLiga,€80.00m,12,€92.15m,13,€12.15m,2022/2023
27,SSC Napoli,Serie A,€78.25m,33,€81.51m,31,€3.26m,2022/2023
28,Everton FC,Premier League,€78.20m,15,€103.60m,18,€25.40m,2022/2023
29,Fulham FC,Premier League,€72.20m,20,€21.90m,21,€-50.30m,2022/2023
30,Inter Milan,Serie A,€70.18m,50,€23.00m,46,€-47.18m,2022/2023
31,Udinese Calcio,Serie A,€68.50m,30,€61.80m,28,€-6.70m,2022/2023
32,RB Leipzig,Bundesliga,€59.50m,26,€75.82m,25,€16.32m,2022/2023
33,AC Milan,Serie A,€56.67m,30,€11.25m,28,€-45.42m,2022/2023
34,Brighton & Hove Albion,Premier League,€55.70m,21,€137.90m,23,€82.20m,2022/2023
35,Real Sociedad,LaLiga,€55.00m,18,€80.50m,16,€25.50m,2022/2023
36,Sporting CP,Liga Portugal,€53.27m,34,€131.80m,27,€78.53m,2022/2023
37,FC Porto,Liga Portugal,€51.90m,17,€86.05m,17,€34.15m,2022/2023
38,US Sassuolo,Serie A,€51.28m,46,€68.84m,51,€17.56m,2022/2023
39,Club Brugge KV,Jupiler Pro League,€50.90m,22,€68.29m,21,€17.39m,2022/2023
40,Brentford FC,Premier League,€49.25m,23,€3.60m,21,€-45.65m,2022/2023
41,Leicester City,Premier League,€49.00m,10,€81.40m,9,€32.40m,2022/2023
42,US Salernitana 1919,Serie A,€48.37m,47,€21.50m,53,€-26.87m,2022/2023
43,AC Monza,Serie A,€47.15m,33,€185k,34,€-46.97m,2022/2023
44,Galatasaray,Süper Lig,€46.94m,43,€15.50m,43,€-31.44m,2022/2023
45,Crystal Palace,Premier League,€46.60m,14,€5.46m,12,€-41.15m,2022/2023
46,RC Lens,Ligue 1,€43.94m,22,€51.55m,16,€7.61m,2022/2023
47,Fenerbahce,Süper Lig,€43.76m,29,€29.90m,31,€-13.86m,2022/2023
48,AS Monaco,Ligue 1,€43.50m,20,€156.20m,21,€112.70m,2022/2023
49,Burnley FC,Championship,€43.20m,31,€76.46m,30,€33.26m,2022/2023
50,SS Lazio,Serie A,€41.65m,36,€42.35m,37,€698k,2022/2023